timestamp(Asia/Shanghai),score,temp,humid,co2,voc,pm25,pm10
2024-08-07 00:05:00,99.2,25.1,43.0,505.2,50.0,4.0,5.0
2024-08-07 00:10:00,99.0,25.3,42.6,499.8,20.4,5.0,6.0
2024-08-07 00:15:00,99.0,25.4,42.2,503.4,20.2,4.2,5.2
2024-08-07 00:20:00,99.0,25.3,41.9,503.6,20.6,4.2,5.2
2024-08-07 00:25:00,99.0,25.3,41.8,494.8,20.4,4.0,5.0
2024-08-07 00:30:00,98.2,25.7,41.4,498.6,21.0,4.2,5.2
2024-08-07 00:35:00,98.6,25.6,41.4,499.4,20.0,5.4,6.4
2024-08-07 00:40:00,99.2,25.2,42.4,486.6,20.0,4.6,5.6
2024-08-07 00:45:00,94.4,25.1,43.4,481.2,27.6,23.2,24.4
2024-08-07 00:50:00,99.2,25.3,43.5,491.2,40.6,5.6,6.6
2024-08-07 00:55:00,96.8,25.7,43.5,523.6,72.4,10.6,11.6
2024-08-07 01:00:00,95.6,25.6,43.0,529.0,42.2,14.2,15.2
2024-08-07 01:05:00,98.6,25.3,43.5,487.2,26.8,7.8,8.8
2024-08-07 01:10:00,99.2,25.2,44.0,474.6,22.2,5.0,6.0
2024-08-07 01:15:00,99.8,25.1,44.8,473.0,20.0,4.8,5.8
2024-08-07 01:20:00,99.4,25.2,45.0,473.6,20.0,5.6,6.6
2024-08-07 01:25:00,100.0,24.9,45.3,470.6,20.0,4.8,5.8
2024-08-07 01:30:00,100.0,24.7,45.5,466.0,20.0,4.6,5.6
2024-08-07 01:35:00,100.0,24.5,46.3,459.0,22.0,4.8,5.8
2024-08-07 01:40:00,100.0,24.5,47.5,452.6,23.0,5.8,6.8
2024-08-07 01:45:00,100.0,24.3,48.3,472.6,30.2,5.4,6.4
2024-08-07 01:50:00,99.4,24.5,49.5,483.6,28.8,5.8,6.8
2024-08-07 01:55:00,99.0,25.4,48.2,474.0,20.0,5.2,6.2
2024-08-07 02:00:00,98.2,25.7,46.4,472.8,20.2,3.8,4.8
2024-08-07 02:05:00,98.5,25.6,45.2,478.5,20.0,4.0,5.0
2024-08-07 07:40:00,92.2,22.8,57.7,567.6,20.6,7.2,8.2
2024-08-07 07:45:00,95.0,23.0,56.5,548.2,20.3,9.3,10.3
2024-08-07 07:50:00,96.2,22.9,56.3,531.4,20.0,7.4,8.4
2024-08-07 07:55:00,96.4,22.9,55.8,527.8,20.0,11.4,12.4
2024-08-07 08:00:00,96.4,23.0,55.6,526.8,20.0,11.6,12.8
2024-08-07 08:05:00,96.8,23.1,55.4,532.2,20.0,8.4,9.4
2024-08-07 08:10:00,96.8,23.2,55.6,535.2,20.0,8.2,9.2
2024-08-07 08:15:00,95.8,23.2,55.7,545.0,58.6,9.8,10.8
2024-08-07 08:20:00,95.8,23.1,55.7,540.8,181.2,8.2,9.2
2024-08-07 08:25:00,94.4,23.5,55.1,587.6,258.2,6.4,7.4
2024-08-07 08:30:00,93.0,23.6,54.8,643.4,203.8,5.8,6.8
2024-08-07 08:35:00,93.5,23.6,54.9,629.5,150.0,5.0,6.0
2024-08-07 09:10:00,94.0,23.9,54.1,625.5,20.0,3.5,4.5
2024-08-07 09:20:00,94.0,24.0,52.9,665.4,20.2,2.6,3.6
2024-08-07 09:25:00,93.6,23.7,53.0,677.4,20.6,4.0,5.0
2024-08-07 09:30:00,93.2,23.8,52.5,700.2,24.8,3.0,4.0
2024-08-07 09:35:00,93.2,23.8,52.3,718.2,28.6,2.6,3.6
2024-08-07 09:40:00,93.8,23.8,51.9,697.4,21.8,2.8,3.8
2024-08-07 09:45:00,93.4,23.7,51.9,707.4,23.6,2.2,3.2
2024-08-07 09:50:00,93.0,23.6,51.9,727.0,24.2,2.4,3.4
2024-08-07 09:55:00,93.6,23.6,51.7,708.8,20.0,1.8,2.8
2024-08-07 10:00:00,94.0,23.5,51.7,695.8,20.0,2.6,3.6
2024-08-07 10:05:00,93.8,23.5,52.1,699.4,20.0,2.6,3.6
2024-08-07 10:10:00,94.0,23.6,52.2,693.6,20.0,2.2,3.2
2024-08-07 10:15:00,93.2,23.6,52.4,702.2,20.0,2.0,3.0
2024-08-07 10:20:00,93.4,23.6,52.6,697.8,20.0,3.0,4.0
2024-08-07 10:25:00,93.0,23.6,53.0,699.8,20.0,2.8,3.8
2024-08-07 10:30:00,93.0,23.7,53.2,714.2,20.0,3.0,4.0
2024-08-07 10:35:00,93.0,23.5,53.7,706.0,20.0,2.8,3.8
2024-08-07 10:40:00,93.0,23.6,53.9,706.2,20.6,3.4,4.4
2024-08-07 10:45:00,93.0,23.5,54.1,704.2,20.0,3.8,4.8
2024-08-07 10:50:00,93.8,23.5,54.2,640.2,20.0,4.0,5.0
2024-08-07 10:55:00,94.2,23.4,54.0,617.6,20.0,3.8,4.8
2024-08-07 11:00:00,94.6,23.6,54.4,604.0,25.2,4.0,5.0
2024-08-07 11:05:00,94.0,23.8,53.7,639.0,48.4,3.4,4.4
2024-08-07 11:10:00,93.8,23.9,53.4,672.6,56.0,3.0,4.0
2024-08-07 11:15:00,94.0,23.8,53.6,665.0,52.6,3.0,4.0
2024-08-07 11:20:00,93.2,23.7,54.0,686.2,67.6,2.8,3.8
2024-08-07 11:25:00,93.0,23.7,54.0,706.4,68.0,2.6,3.6
2024-08-07 11:30:00,93.0,23.7,53.9,695.8,68.0,2.8,3.8
2024-08-07 11:35:00,93.0,23.7,54.3,701.4,68.4,3.2,4.2
2024-08-07 11:40:00,92.0,23.6,54.5,716.2,71.8,1.8,2.8
2024-08-07 11:45:00,92.6,23.7,54.3,712.8,73.2,2.2,3.2
2024-08-07 11:50:00,92.2,23.6,54.4,718.4,73.2,1.8,2.8
2024-08-07 11:55:00,92.0,23.6,54.5,725.2,75.0,1.8,2.8
2024-08-07 12:00:00,92.0,23.7,54.6,724.6,74.2,1.8,2.8
2024-08-07 12:05:00,92.0,23.7,54.7,730.0,76.2,1.8,2.8
2024-08-07 12:10:00,92.0,23.7,54.8,731.2,75.4,2.4,3.4
2024-08-07 12:15:00,92.2,23.8,54.3,720.6,76.0,2.4,3.4
2024-08-07 12:20:00,93.0,23.8,54.0,711.6,74.2,2.2,3.2
2024-08-07 12:25:00,93.0,23.8,54.0,717.8,73.8,1.8,2.8
2024-08-07 12:30:00,93.0,23.8,53.9,717.4,74.0,2.6,3.6
2024-08-07 12:35:00,93.0,23.7,53.9,715.2,72.4,2.2,3.2
2024-08-07 12:40:00,92.2,23.9,53.9,733.2,80.6,1.8,2.8
2024-08-07 12:45:00,92.4,23.8,53.8,729.0,74.0,2.0,3.0
2024-08-07 12:50:00,93.0,23.8,53.7,707.8,76.4,2.2,3.2
2024-08-07 12:55:00,92.4,23.9,53.8,731.8,83.8,2.0,3.0
2024-08-07 13:00:00,91.2,23.9,53.9,790.6,95.6,2.6,3.6
2024-08-07 13:05:00,90.2,23.9,53.9,836.2,100.4,2.0,3.0
2024-08-07 13:10:00,90.6,23.9,53.8,830.4,96.2,2.4,3.4
2024-08-07 13:15:00,91.0,24.0,53.8,821.0,96.6,2.0,3.0
2024-08-07 13:20:00,91.0,23.9,53.8,815.0,93.0,2.0,3.0
2024-08-07 13:25:00,91.2,23.9,53.9,792.6,88.2,2.2,3.2
2024-08-07 13:30:00,92.0,23.9,53.8,760.8,87.4,2.2,3.2
2024-08-07 13:35:00,92.0,24.0,53.7,751.6,87.6,2.0,3.0
2024-08-07 13:40:00,92.0,24.1,53.5,764.8,91.8,1.8,2.8
2024-08-07 13:45:00,91.4,24.1,53.4,786.8,92.8,1.4,2.4
2024-08-07 13:50:00,91.8,24.1,53.4,783.4,92.4,1.8,2.8
2024-08-07 13:55:00,91.8,24.0,53.8,773.0,89.4,1.8,2.8
2024-08-07 14:00:00,91.4,24.0,53.8,780.8,91.0,2.4,3.4
2024-08-07 14:05:00,91.0,24.0,54.0,794.8,91.5,2.8,3.8
2024-08-07 14:10:00,90.5,23.9,54.2,827.5,101.5,1.5,2.5
2024-08-07 14:15:00,90.0,23.9,54.2,866.2,102.2,1.8,2.8
2024-08-07 14:20:00,89.6,23.9,54.3,871.4,103.6,1.8,2.8
2024-08-07 14:25:00,89.6,23.9,54.2,876.4,105.4,2.0,3.0
2024-08-07 14:30:00,90.0,24.0,54.1,862.0,104.4,2.2,3.2
2024-08-07 14:35:00,90.0,24.1,53.8,859.8,111.0,2.0,3.0
2024-08-07 14:40:00,90.0,24.1,53.9,858.2,111.4,2.2,3.2
2024-08-07 14:45:00,90.0,24.0,54.0,857.6,111.4,2.2,3.2
2024-08-07 14:50:00,87.2,24.1,54.1,1005.8,143.0,1.8,2.8
2024-08-07 14:55:00,86.7,24.1,54.1,1035.7,146.0,1.7,2.7
2024-08-07 15:00:00,86.8,24.0,54.1,1040.8,143.4,1.6,2.6
2024-08-07 15:05:00,86.4,24.1,54.1,1052.6,154.2,2.0,3.0
2024-08-07 15:10:00,86.4,24.1,54.0,1048.2,146.8,2.0,3.0
2024-08-07 15:15:00,86.8,24.1,53.9,1043.2,146.2,2.0,3.0
2024-08-07 15:20:00,87.0,24.1,53.9,1035.8,145.8,2.4,3.4
2024-08-07 15:25:00,87.0,24.2,53.8,1026.0,145.4,2.8,3.8
2024-08-07 15:30:00,87.0,24.2,53.7,996.4,136.8,2.0,3.0
2024-08-07 15:35:00,87.2,24.1,53.9,989.0,131.6,2.6,3.6
2024-08-07 15:40:00,88.6,23.9,54.1,915.2,119.4,2.2,3.2
2024-08-07 15:45:00,91.6,24.0,54.2,767.4,99.8,2.0,3.0
2024-08-07 15:50:00,86.8,24.2,54.0,977.6,270.2,2.0,3.0
2024-08-07 15:55:00,89.0,24.1,54.0,882.0,258.0,2.0,3.0
2024-08-08 00:35:00,99.0,23.6,51.3,487.5,114.0,7.0,8.0
2024-08-08 00:40:00,97.6,23.6,51.1,540.2,98.0,9.6,10.6
2024-08-08 00:45:00,96.4,23.6,51.4,574.0,82.0,9.4,10.4
2024-08-08 00:50:00,96.0,23.9,50.8,605.4,70.8,6.8,7.8
2024-08-08 00:55:00,95.8,23.9,50.9,613.0,57.8,9.0,10.0
2024-08-08 01:00:00,94.8,23.8,51.4,638.4,54.2,10.4,11.4
2024-08-08 01:05:00,93.4,23.8,51.6,670.6,46.8,11.8,13.0
2024-08-08 01:10:00,93.8,23.8,51.6,676.2,38.2,8.2,9.2
2024-08-08 01:15:00,93.8,23.8,51.7,677.2,31.0,7.6,8.6
2024-08-08 01:20:00,94.0,23.9,51.6,680.3,25.3,6.3,7.3
2024-08-08 01:25:00,93.4,24.0,51.7,677.4,20.0,12.8,13.8
2024-08-08 01:30:00,93.8,24.0,51.7,676.0,20.2,8.4,9.4
2024-08-08 01:35:00,93.4,24.1,51.7,677.6,24.0,10.4,11.4
2024-08-08 01:40:00,93.4,24.2,51.4,720.6,24.0,7.2,8.2
2024-08-08 01:45:00,94.0,24.1,51.6,694.4,20.0,7.4,8.4
2024-08-08 01:50:00,94.0,24.0,51.9,688.5,20.0,7.0,8.0
2024-08-08 02:25:00,95.0,24.0,51.7,633.2,20.0,10.2,11.2
2024-08-08 02:30:00,93.4,23.7,52.3,634.8,20.2,13.2,14.2
2024-08-08 02:35:00,95.0,23.8,52.7,630.4,23.0,7.8,8.8
2024-08-08 02:40:00,94.4,23.8,53.2,652.4,39.6,6.8,7.8
2024-08-08 02:45:00,94.0,24.0,53.0,683.0,45.4,6.4,7.4
2024-08-08 02:50:00,93.8,24.0,53.0,701.0,37.2,6.8,7.8
2024-08-08 02:55:00,86.2,24.0,53.0,717.8,885.6,19.8,21.0
2024-08-08 03:00:00,87.4,24.1,52.8,733.8,1085.2,8.6,9.6
2024-08-08 03:05:00,86.6,24.0,53.0,734.6,769.0,15.0,16.2
2024-08-08 03:10:00,88.0,24.0,53.0,748.6,618.8,11.6,12.6
2024-08-08 03:15:00,89.8,24.0,52.9,759.6,448.2,6.8,7.8
2024-08-08 03:20:00,89.6,23.9,52.9,766.2,320.0,11.2,12.2
2024-08-08 03:25:00,91.0,24.1,52.6,768.2,243.6,11.0,12.0
2024-08-08 03:30:00,91.0,24.1,52.6,766.2,177.4,14.2,15.4
2024-08-08 03:35:00,93.0,24.0,52.7,760.4,130.4,7.0,8.0
2024-08-08 03:40:00,91.4,23.7,53.3,746.2,105.6,15.0,16.2
2024-08-08 03:45:00,91.4,23.7,54.0,733.6,140.6,11.0,12.2
2024-08-08 03:50:00,90.0,23.8,55.0,731.8,99.8,12.8,13.8
2024-08-08 03:55:00,91.6,23.8,54.6,742.2,73.2,9.2,10.2
2024-08-08 04:00:00,92.2,23.7,54.3,749.8,52.0,8.0,9.0
2024-08-08 04:05:00,91.2,23.7,54.2,748.2,52.6,11.2,12.2
2024-08-08 04:10:00,92.4,23.8,53.8,751.8,135.4,6.4,7.4
2024-08-08 04:15:00,93.0,23.7,53.7,747.0,106.6,6.0,7.0
2024-08-08 04:20:00,92.6,23.8,53.5,750.8,82.6,8.6,9.6
2024-08-08 04:25:00,92.6,23.8,53.6,753.2,62.0,7.6,8.6
2024-08-08 04:30:00,90.6,23.8,53.7,777.4,55.0,14.6,15.8
2024-08-08 04:35:00,92.2,23.7,53.6,787.4,33.0,7.2,8.2
2024-08-08 04:40:00,91.6,23.8,53.5,790.0,23.8,9.0,10.0
2024-08-08 04:45:00,91.4,23.8,53.6,794.2,168.0,6.6,7.6
2024-08-08 04:50:00,92.0,23.7,53.7,798.8,133.2,6.0,7.0
2024-08-08 04:55:00,92.0,23.7,53.9,797.0,108.4,5.8,6.8
2024-08-08 05:00:00,92.0,23.7,54.2,800.4,82.6,5.8,6.8
2024-08-08 05:05:00,92.0,23.8,54.1,812.0,70.0,6.2,7.2
2024-08-08 05:10:00,90.8,23.8,54.1,820.0,54.0,10.2,11.2
2024-08-08 05:15:00,92.0,23.7,54.1,811.2,29.5,6.5,7.5
2024-08-08 05:20:00,91.2,23.7,54.0,800.0,20.0,8.0,9.0
2024-08-08 05:25:00,92.0,23.7,53.9,795.8,20.0,5.8,6.8
2024-08-08 05:30:00,92.2,23.8,53.7,789.4,20.0,5.4,6.4
2024-08-08 05:35:00,92.6,23.8,53.5,785.2,20.0,5.8,6.8
2024-08-08 05:40:00,92.4,23.8,53.5,784.2,20.0,6.8,7.8
2024-08-08 05:45:00,92.6,23.7,53.8,775.2,20.0,6.0,7.0
2024-08-08 05:50:00,92.0,23.6,53.9,753.0,20.0,8.6,9.6
2024-08-08 05:55:00,93.0,23.6,53.9,724.4,20.0,5.0,6.0
2024-08-08 06:00:00,92.4,23.6,54.2,705.6,20.0,9.0,10.0
2024-08-08 06:05:00,93.6,23.6,53.8,693.2,27.6,4.0,5.0
2024-08-08 06:10:00,93.0,23.4,54.1,691.2,47.2,3.4,4.4
2024-08-08 06:15:00,94.0,23.3,54.1,649.4,22.8,3.2,4.2
2024-08-08 06:20:00,94.0,23.4,54.1,620.2,20.0,2.6,3.6
2024-08-08 06:25:00,91.8,23.4,56.3,632.8,20.6,7.4,8.4
2024-08-08 06:30:00,89.2,23.4,59.3,653.6,21.0,8.2,9.2
2024-08-08 06:35:00,72.2,23.6,63.0,720.4,30.6,58.2,60.0
2024-08-08 06:40:00,82.4,23.6,61.4,852.2,39.8,18.0,19.2
2024-08-08 06:45:00,86.0,23.6,60.6,874.4,38.2,5.8,6.8
2024-08-08 06:50:00,86.6,23.6,59.8,882.8,38.4,4.6,5.6
2024-08-08 20:05:00,88.0,24.4,60.9,697.0,20.5,2.0,3.0
2024-08-08 20:10:00,86.4,24.1,62.2,695.4,20.0,1.6,2.6
2024-08-08 20:15:00,86.2,24.1,62.9,638.0,20.0,1.2,2.2
2024-08-08 20:20:00,86.2,24.0,63.5,570.6,20.0,1.4,2.4
2024-08-08 20:25:00,86.8,24.0,63.8,519.2,20.0,1.4,2.4
2024-08-08 20:30:00,85.8,24.0,64.4,488.0,20.0,1.6,2.6
2024-08-08 20:35:00,85.8,24.0,64.4,463.8,20.0,2.2,3.2
2024-08-08 20:40:00,84.8,23.9,65.0,446.4,20.0,2.2,3.2
2024-08-08 20:45:00,84.2,23.9,65.2,435.8,20.0,2.0,3.0
2024-08-08 20:50:00,84.2,24.0,65.4,432.0,20.0,2.0,3.0
2024-08-08 20:55:00,80.6,23.9,66.1,448.6,489.6,2.2,3.2
2024-08-08 21:00:00,79.0,24.0,66.5,494.0,540.6,2.0,3.0
2024-08-08 21:05:00,79.8,24.1,66.3,523.6,355.6,4.4,5.4
2024-08-08 21:10:00,80.0,24.4,65.4,578.6,323.8,3.4,4.4
2024-08-08 21:15:00,80.8,24.4,64.7,620.0,266.0,1.4,2.4
2024-08-08 21:20:00,80.6,24.4,64.8,654.6,214.6,1.4,2.4
2024-08-08 21:25:00,81.8,24.6,64.3,682.8,171.4,1.2,2.2
2024-08-08 21:30:00,82.5,24.6,63.9,710.5,142.2,1.0,2.0
2024-08-08 21:35:00,82.6,24.6,63.9,722.8,124.0,1.4,2.4
2024-08-08 21:40:00,81.0,24.3,64.6,728.0,114.2,1.4,2.4
2024-08-08 21:45:00,79.8,24.4,65.1,723.8,109.2,6.4,7.4
2024-08-08 21:50:00,81.2,24.4,64.7,708.4,97.2,1.8,2.8
2024-08-08 21:55:00,81.8,24.6,64.5,715.4,87.2,1.2,2.2
2024-08-08 22:00:00,80.4,24.4,65.0,748.0,82.8,2.0,3.0
2024-08-08 22:05:00,74.2,24.7,64.1,794.0,1369.0,7.0,8.0
2024-08-08 22:10:00,74.2,24.6,64.6,814.6,932.8,5.2,6.2
2024-08-08 22:15:00,75.6,24.6,64.4,832.8,692.0,1.0,2.0
2024-08-08 22:20:00,76.4,24.6,64.4,847.0,510.2,1.8,2.8
2024-08-08 22:25:00,77.4,24.4,64.6,826.4,364.2,4.6,5.6
2024-08-08 22:30:00,77.6,24.5,64.7,823.6,321.2,1.6,2.6
2024-08-08 22:35:00,80.2,24.6,64.0,820.8,262.8,1.2,2.2
2024-08-08 22:40:00,78.4,24.5,64.2,815.8,358.2,1.2,2.2
2024-08-08 22:45:00,79.0,24.5,64.1,810.0,348.6,1.6,2.6
2024-08-08 22:50:00,74.8,24.3,65.2,786.2,834.6,2.0,3.0
2024-08-08 22:55:00,76.0,23.7,67.6,658.8,389.4,4.2,5.2
2024-08-08 23:00:00,78.5,23.8,68.1,592.0,177.5,3.5,4.5
2024-08-09 22:15:00,93.4,24.8,53.0,620.2,206.8,6.2,7.2
2024-08-09 22:20:00,94.0,24.9,52.5,635.8,134.8,7.2,8.2
2024-08-09 22:30:00,94.7,25.0,51.8,611.5,38.0,9.3,10.5
2024-08-09 22:35:00,96.0,25.1,51.6,593.8,20.0,3.0,4.0
2024-08-09 22:40:00,97.0,25.0,51.6,583.3,20.0,2.7,3.7
2024-08-09 23:15:00,86.2,25.2,50.7,640.0,798.0,19.2,20.5
2024-08-09 23:20:00,77.2,25.2,50.8,649.5,680.0,94.2,96.5
2024-08-10 00:10:00,100.0,24.7,49.0,468.0,20.0,5.0,6.0
2024-08-10 00:15:00,99.5,24.6,49.5,471.5,32.0,7.5,8.5
2024-08-10 00:20:00,97.2,24.6,49.9,473.6,22.8,15.8,17.0
2024-08-10 00:25:00,100.0,24.6,49.1,471.8,20.0,5.4,6.4
2024-08-10 00:30:00,99.8,24.4,48.6,462.4,20.0,6.0,7.0
2024-08-10 00:35:00,100.0,24.4,48.6,458.4,20.0,6.2,7.2
2024-08-10 00:40:00,100.0,24.6,48.7,468.4,20.2,5.8,6.8
2024-08-10 00:45:00,98.8,24.5,48.6,470.4,20.0,10.6,11.6
2024-08-10 00:50:00,99.6,24.4,48.5,471.6,20.0,8.0,9.0
2024-08-10 00:55:00,99.2,24.5,48.3,476.6,20.0,9.8,10.8
2024-08-10 01:00:00,99.4,24.6,47.6,477.0,20.0,8.4,9.4
2024-08-10 01:05:00,100.0,24.6,47.2,472.6,20.0,5.8,6.8
2024-08-10 01:10:00,100.0,24.4,47.5,474.6,20.0,5.4,6.4
2024-08-10 01:15:00,98.8,24.2,50.1,455.2,20.0,6.2,7.2
2024-08-10 01:20:00,99.4,24.2,50.8,441.4,21.0,6.0,7.0
2024-08-10 01:25:00,96.2,24.3,49.5,454.2,529.0,11.0,12.0
2024-08-10 01:30:00,94.0,24.3,48.8,471.8,939.6,8.0,9.0
2024-08-10 01:35:00,98.4,24.1,49.2,461.8,240.6,6.4,7.4
2024-08-10 01:40:00,99.6,24.1,49.6,447.0,114.4,7.0,8.0
2024-08-10 01:45:00,98.0,23.9,50.1,465.0,66.8,14.8,16.0
2024-08-10 01:50:00,99.8,23.8,50.2,475.8,33.6,6.2,7.2
2024-08-10 01:55:00,96.2,23.7,50.2,463.6,773.8,6.8,7.8
2024-08-10 02:00:00,95.0,23.5,51.3,464.2,617.6,6.0,7.0
2024-08-10 02:05:00,93.0,23.5,51.5,467.0,1058.2,7.6,8.6
2024-08-10 02:10:00,94.4,23.4,52.4,458.4,537.4,6.6,7.6
2024-08-10 02:15:00,90.6,23.3,54.1,465.2,250.0,22.6,23.8
2024-08-10 02:20:00,96.0,23.2,53.3,478.2,130.4,11.8,12.8
2024-08-10 02:25:00,96.8,23.4,52.6,479.4,73.8,12.4,13.6
2024-08-10 02:30:00,98.0,23.2,52.7,481.4,54.8,7.4,8.4
2024-08-10 02:35:00,96.8,23.0,53.3,487.4,45.0,9.8,10.8
2024-08-10 02:40:00,97.4,22.9,53.6,489.6,38.0,6.4,7.4
2024-08-10 02:45:00,90.7,22.8,54.0,486.3,41.7,24.7,26.0
2024-08-10 02:50:00,96.2,22.8,54.5,486.6,46.4,8.4,9.4
2024-08-10 02:55:00,96.6,22.8,54.5,497.4,42.0,7.4,8.4
2024-08-10 03:00:00,96.6,22.9,54.5,494.0,38.2,7.0,8.0
2024-08-10 03:05:00,96.8,22.8,54.5,492.4,36.8,7.0,8.0
2024-08-10 20:50:00,63.5,24.6,62.8,690.0,73.8,129.2,131.8
2024-08-10 20:55:00,83.6,24.2,64.7,571.8,20.0,3.6,4.6
2024-08-10 21:00:00,83.0,24.0,66.4,501.6,20.0,4.8,5.8
2024-08-10 21:05:00,81.6,23.9,68.2,479.2,21.4,6.0,7.0
2024-08-10 21:10:00,81.0,23.9,69.1,477.8,20.6,5.8,6.8
2024-08-10 21:15:00,78.6,24.0,71.4,478.2,20.4,6.6,7.6
2024-08-10 21:20:00,69.0,24.2,71.5,499.6,20.0,42.6,44.0
2024-08-10 21:25:00,79.6,24.2,69.9,511.6,20.0,6.8,7.8
2024-08-10 21:30:00,81.4,24.2,68.5,498.8,20.0,5.4,6.4
2024-08-10 21:35:00,81.6,24.2,67.6,492.4,20.0,6.6,7.6
2024-08-10 21:40:00,81.6,24.2,66.8,483.4,20.0,10.2,11.4
2024-08-10 21:45:00,78.0,24.2,66.6,479.6,20.0,23.0,24.2
2024-08-10 21:50:00,82.8,24.4,66.4,476.4,20.8,7.0,8.0
2024-08-10 21:55:00,83.6,24.5,66.0,482.2,20.8,5.4,6.4
2024-08-10 22:00:00,83.2,24.3,66.4,478.4,20.2,4.8,5.8
2024-08-10 22:05:00,84.0,24.4,65.2,453.2,20.2,4.6,5.6
2024-08-10 22:10:00,81.4,24.6,64.0,455.2,20.2,24.6,25.8
2024-08-10 22:15:00,88.6,24.6,63.2,443.0,20.4,4.2,5.2
2024-08-10 22:20:00,89.0,24.6,62.9,427.6,20.0,4.4,5.4
2024-08-10 22:25:00,90.0,24.6,62.5,421.0,20.4,4.0,5.0
2024-08-10 22:30:00,91.0,24.8,61.6,420.4,20.2,4.0,5.0
2024-08-10 22:35:00,91.0,24.6,61.6,417.0,20.2,3.4,4.4
2024-08-10 22:40:00,90.8,24.6,61.6,415.0,20.0,3.8,4.8
2024-08-10 22:45:00,90.8,24.4,61.6,413.0,20.2,4.0,5.0
2024-08-10 22:50:00,90.8,24.4,61.7,414.2,20.2,4.8,5.8
2024-08-10 22:55:00,92.2,24.6,60.4,412.6,22.4,4.4,5.4
2024-08-10 23:00:00,92.2,24.6,60.2,414.0,27.6,4.0,5.0
2024-08-10 23:05:00,92.0,24.6,60.4,412.8,34.8,3.6,4.6
2024-08-10 23:10:00,92.0,24.7,60.5,430.2,50.8,3.4,4.4
2024-08-10 23:15:00,92.2,24.9,60.3,469.2,72.6,3.6,4.6
2024-08-10 23:20:00,91.6,25.0,60.0,486.0,72.2,8.2,9.2
2024-08-10 23:25:00,91.6,25.1,59.4,499.0,59.2,10.8,12.0
2024-08-10 23:30:00,93.0,25.3,58.3,504.6,49.2,4.2,5.2
2024-08-10 23:35:00,93.8,25.4,57.2,497.8,33.2,2.2,3.2
2024-08-10 23:40:00,93.2,25.3,57.6,479.0,27.6,2.8,3.8
2024-08-10 23:45:00,93.0,25.5,57.7,470.4,27.6,3.0,4.0
2024-08-10 23:50:00,76.0,25.5,57.2,477.0,28.0,56.0,58.0
2024-08-11 19:50:00,87.0,25.4,55.7,723.0,20.0,19.0,20.0
2024-08-11 19:55:00,91.8,25.3,55.5,665.6,20.2,3.0,4.0
2024-08-11 20:00:00,92.4,25.2,55.7,615.2,20.4,3.0,4.0
2024-08-11 20:05:00,92.6,25.2,55.9,595.6,20.0,2.8,3.8
2024-08-11 20:10:00,92.8,25.2,56.2,580.2,20.8,3.2,4.2
2024-08-11 20:15:00,90.8,25.3,57.8,609.8,39.0,3.4,4.4
2024-08-11 20:20:00,89.6,25.4,58.1,647.4,49.4,3.2,4.2
2024-08-11 20:25:00,89.6,25.4,58.0,671.0,42.6,2.8,3.8
2024-08-11 20:30:00,82.4,25.5,57.8,692.8,35.4,30.2,31.6
2024-08-11 20:35:00,84.8,25.5,57.4,705.0,768.2,10.0,11.0
2024-08-11 20:40:00,83.8,25.5,57.1,708.5,801.8,9.8,11.0
2024-08-11 20:45:00,84.6,25.4,57.0,706.0,530.0,8.6,9.6
2024-08-11 20:50:00,87.6,25.4,56.9,693.0,332.4,3.4,4.4
2024-08-11 20:55:00,89.0,25.5,56.8,688.0,225.0,3.0,4.0
2024-08-11 21:00:00,90.0,25.5,56.7,680.8,146.2,3.8,4.8
2024-08-11 21:05:00,89.4,25.6,56.8,695.8,111.6,4.4,5.4
2024-08-11 21:10:00,88.2,25.7,56.9,755.4,93.8,5.2,6.2
2024-08-11 21:15:00,88.0,25.7,56.8,808.8,73.8,4.2,5.2
2024-08-11 21:20:00,88.0,25.8,56.7,820.2,57.8,2.6,3.6
2024-08-11 21:25:00,87.4,25.8,56.6,858.6,46.4,3.0,4.0
2024-08-11 21:30:00,88.0,25.8,56.4,800.2,30.2,2.8,3.8
2024-08-11 21:35:00,87.8,25.9,56.3,783.4,22.4,4.6,5.6
2024-08-11 21:40:00,88.0,26.0,56.5,772.6,20.2,3.8,4.8
2024-08-11 21:45:00,79.4,26.0,56.4,789.6,20.0,37.8,39.2
2024-08-11 21:50:00,88.0,26.0,56.4,780.8,20.0,2.8,3.8
2024-08-11 21:55:00,87.4,26.1,56.2,798.2,20.0,2.8,3.8
2024-08-11 22:00:00,88.0,26.1,56.2,754.8,20.0,3.0,4.0
2024-08-11 22:05:00,88.0,26.1,56.4,766.7,20.0,3.3,4.3
2024-08-11 22:10:00,88.0,26.0,56.5,743.8,20.0,2.8,3.8
2024-08-11 22:15:00,88.0,26.1,56.5,734.4,20.0,4.6,5.6
2024-08-11 22:20:00,88.0,26.1,56.4,727.2,20.0,3.0,4.0
2024-08-12 19:50:00,87.0,26.1,59.3,634.3,20.0,2.7,3.7
2024-08-12 19:55:00,87.6,26.1,59.2,621.6,20.0,3.2,4.2
2024-08-12 20:00:00,88.0,26.1,59.1,608.4,20.0,2.2,3.2
2024-08-12 20:05:00,87.4,26.1,59.0,609.8,20.0,5.4,6.4
2024-08-12 20:10:00,88.0,26.1,58.9,612.6,20.0,2.0,3.0
2024-08-12 20:15:00,88.0,26.2,58.6,602.6,20.0,2.2,3.2
2024-08-12 20:20:00,88.0,26.2,58.5,603.8,20.0,2.4,3.4
2024-08-12 20:25:00,88.0,26.2,58.1,613.4,32.0,1.8,2.8
2024-08-12 20:30:00,88.2,26.3,57.8,603.2,23.4,1.4,2.4
2024-08-12 20:35:00,87.8,26.3,57.7,609.6,20.0,3.8,4.8
2024-08-12 20:40:00,88.8,26.3,57.4,594.5,20.0,1.8,2.8
2024-08-12 20:45:00,89.8,26.2,57.5,565.8,20.0,1.4,2.4
2024-08-12 20:50:00,89.0,26.2,57.7,560.8,168.8,2.4,3.4
2024-08-12 20:55:00,85.8,25.9,56.3,559.6,545.2,15.6,16.8
2024-08-12 21:00:00,94.4,25.4,55.6,502.2,47.6,5.6,6.6
2024-08-12 21:05:00,94.8,25.1,55.5,444.8,20.0,10.6,11.6
2024-08-12 21:10:00,88.0,25.1,54.5,428.0,20.0,37.0,38.6
2024-08-12 21:15:00,96.2,25.1,54.4,446.0,20.0,4.6,5.6
2024-08-12 21:20:00,96.0,25.2,54.3,473.5,20.5,4.2,5.2
2024-08-12 21:25:00,96.5,25.2,53.9,468.0,20.2,3.5,4.5
2024-08-12 21:30:00,97.2,25.3,52.9,474.6,20.0,3.4,4.4
2024-08-12 21:35:00,98.4,25.1,51.8,476.6,20.0,3.4,4.4
2024-08-12 23:40:00,98.0,25.7,48.2,402.7,20.3,4.5,5.5
2024-08-12 23:45:00,98.2,25.7,48.4,404.2,20.0,3.8,4.8
2024-08-12 23:50:00,98.0,25.8,48.1,405.2,20.0,4.4,5.4
2024-08-12 23:55:00,98.0,25.8,48.2,404.0,20.0,4.0,5.0
2024-08-13 00:00:00,98.4,25.7,48.4,405.0,20.0,4.0,5.0
2024-08-13 00:05:00,98.0,25.7,48.0,402.6,20.0,5.4,6.4
2024-08-13 00:10:00,98.4,25.7,48.0,400.8,20.0,4.4,5.4
2024-08-13 00:15:00,98.2,25.8,47.9,402.8,20.0,4.2,5.2
2024-08-13 00:20:00,98.0,25.8,47.8,400.6,21.8,4.2,5.2
2024-08-13 00:25:00,98.4,25.7,47.7,400.0,41.6,4.2,5.2
2024-08-13 00:30:00,98.0,25.8,47.4,400.0,25.0,4.0,5.0
2024-08-13 00:35:00,98.0,25.7,47.3,400.0,20.0,3.8,4.8
2024-08-13 00:40:00,98.4,25.6,47.3,400.0,20.0,4.8,5.8
2024-08-13 00:45:00,98.6,25.6,47.1,400.0,20.0,4.4,5.4
2024-08-13 00:50:00,98.2,25.6,46.8,400.0,20.0,3.6,4.6
2024-08-13 00:55:00,99.0,25.5,47.3,400.0,20.0,4.0,5.0
2024-08-13 01:00:00,98.6,25.5,47.3,400.0,20.0,4.8,5.8
2024-08-13 01:05:00,98.8,25.5,47.6,400.4,20.2,3.6,4.6
2024-08-13 01:10:00,98.5,25.6,47.8,417.5,20.0,5.0,6.0
2024-08-13 18:05:00,94.0,25.4,51.5,694.0,134.0,2.0,3.0
2024-08-13 18:10:00,94.0,25.4,51.4,693.4,108.4,1.8,2.8
2024-08-13 18:15:00,94.0,25.4,51.6,703.4,86.2,2.4,3.4
2024-08-13 18:20:00,94.0,25.4,51.5,706.8,64.0,2.8,3.8
2024-08-13 18:25:00,94.0,25.5,51.4,704.0,42.6,3.0,4.0
2024-08-13 18:30:00,94.0,25.4,51.5,709.2,24.4,2.6,3.6
2024-08-13 18:35:00,93.6,25.5,51.4,713.4,21.8,3.0,4.0
2024-08-13 18:40:00,93.4,25.5,51.3,745.2,20.0,2.6,3.6
2024-08-13 18:45:00,92.8,25.6,51.2,775.8,20.0,2.8,3.8
2024-08-13 18:50:00,92.6,25.6,51.2,801.2,20.0,2.8,3.8
2024-08-13 18:55:00,93.0,25.7,51.0,761.6,22.8,3.6,4.6
2024-08-13 19:00:00,94.0,25.6,51.0,714.2,20.0,3.2,4.2
2024-08-13 19:05:00,94.0,25.7,51.1,701.4,20.0,3.8,4.8
2024-08-13 19:10:00,93.6,25.8,50.8,711.4,20.0,2.8,3.8
2024-08-13 19:15:00,93.8,25.9,50.6,697.2,20.0,3.2,4.2
2024-08-13 19:20:00,93.6,25.8,51.3,682.0,22.6,3.8,4.8
2024-08-13 19:25:00,93.0,25.7,51.9,706.0,27.2,3.2,4.2
2024-08-13 19:30:00,94.2,25.6,51.0,673.2,20.0,3.8,4.8
2024-08-13 19:35:00,94.8,25.5,50.7,635.4,20.0,4.6,5.6
2024-08-13 19:40:00,95.6,25.5,50.5,614.6,20.0,5.4,6.4
2024-08-13 19:45:00,95.2,25.5,51.3,591.8,20.4,3.4,4.4
2024-08-13 19:50:00,93.2,25.6,51.7,616.0,20.0,10.6,11.8
2024-08-13 19:55:00,94.0,25.8,51.5,637.8,22.0,5.8,6.8
2024-08-13 20:00:00,94.4,25.8,50.9,633.4,21.0,3.8,4.8
2024-08-13 20:05:00,94.4,25.9,51.0,634.0,20.4,4.0,5.0
2024-08-13 20:10:00,92.8,25.8,50.5,624.0,21.0,13.2,14.5
2024-08-13 20:15:00,95.0,25.9,50.4,615.8,20.8,4.8,5.8
2024-08-13 20:20:00,95.0,25.8,50.0,616.0,20.2,4.8,5.8
2024-08-13 20:25:00,95.0,25.9,49.5,618.2,20.2,4.0,5.0
2024-08-13 20:30:00,94.8,25.9,49.5,615.4,21.8,5.4,6.4
2024-08-13 20:35:00,94.4,26.0,49.3,618.8,26.2,7.0,8.0
2024-08-14 19:00:00,93.5,25.6,52.6,654.5,114.5,1.0,2.0
2024-08-14 19:05:00,89.4,25.6,53.0,923.2,126.0,1.6,2.6
2024-08-14 19:10:00,92.6,25.5,52.5,719.4,130.8,1.8,2.8
2024-08-14 19:15:00,92.0,25.6,52.5,729.0,188.4,2.2,3.2
2024-08-14 19:20:00,90.6,25.5,52.4,719.8,191.2,8.4,9.6
2024-08-14 19:25:00,92.0,25.5,52.4,732.2,168.0,2.8,3.8
2024-08-14 19:30:00,92.0,25.5,52.5,733.4,159.0,2.2,3.2
2024-08-14 19:35:00,92.0,25.6,52.4,733.0,147.4,2.0,3.0
2024-08-14 19:40:00,92.4,25.7,52.2,731.4,124.2,2.4,3.4
2024-08-14 19:45:00,93.0,25.6,52.2,702.8,113.2,2.2,3.2
2024-08-14 19:50:00,92.8,25.7,52.0,703.2,101.4,2.2,3.2
2024-08-14 19:55:00,93.0,25.6,51.9,685.0,94.8,2.4,3.4
2024-08-14 20:00:00,93.6,25.6,51.8,679.2,86.0,1.4,2.4
2024-08-14 20:05:00,94.0,25.5,52.1,652.8,76.2,2.0,3.0
2024-08-14 20:10:00,94.4,25.3,52.4,631.6,63.0,1.6,2.6
2024-08-14 20:15:00,92.8,25.1,53.8,633.2,49.6,9.4,10.4
2024-08-14 20:20:00,82.4,25.1,54.0,617.4,28.2,102.0,104.2
2024-08-14 20:25:00,84.4,25.1,53.9,613.6,23.2,58.4,60.0
2024-08-14 20:30:00,83.6,25.1,53.8,602.8,20.0,88.0,90.0
2024-08-14 20:35:00,94.2,25.0,53.7,592.8,20.0,7.0,8.0
2024-08-14 20:40:00,94.4,24.9,53.8,597.2,20.0,7.6,8.6
2024-08-14 20:45:00,94.0,25.2,53.6,624.2,29.2,4.0,5.0
2024-08-14 20:50:00,94.0,25.2,53.5,636.8,39.4,4.8,5.8
2024-08-14 20:55:00,93.6,25.2,53.5,649.0,47.4,3.0,4.0
2024-08-14 21:00:00,94.0,25.2,53.5,655.0,46.4,3.2,4.2
2024-08-14 21:05:00,89.2,25.2,53.5,663.2,46.6,18.0,19.2
2024-08-14 21:10:00,92.8,25.4,53.6,684.8,52.4,3.8,4.8
2024-08-14 21:15:00,93.0,25.4,53.5,684.6,49.4,2.6,3.6
2024-08-14 21:20:00,91.6,25.4,53.4,683.0,50.4,9.6,10.6
2024-08-14 21:25:00,92.2,25.4,53.5,677.6,52.6,6.2,7.2
2024-08-14 21:30:00,92.0,25.4,53.7,681.0,60.3,6.3,7.3
2024-08-15 18:35:00,92.0,24.6,55.5,682.5,61.5,1.0,2.0
2024-08-15 18:40:00,92.2,24.6,55.4,684.0,57.2,2.2,3.2
2024-08-15 18:45:00,92.0,24.6,55.7,702.0,51.0,1.6,2.6
2024-08-15 18:50:00,92.0,24.6,55.7,715.8,46.6,1.8,2.8
2024-08-15 18:55:00,92.0,24.6,55.9,712.0,40.8,1.2,2.2
2024-08-15 19:00:00,92.0,24.6,56.1,698.8,39.4,1.2,2.2
2024-08-15 19:05:00,92.0,24.8,55.9,699.8,41.6,1.2,2.2
2024-08-15 19:10:00,92.0,24.8,55.8,708.8,38.0,1.4,2.4
2024-08-15 19:15:00,91.8,24.8,56.0,710.2,35.8,1.2,2.2
2024-08-15 19:20:00,91.6,24.8,55.9,715.0,37.4,1.2,2.2
2024-08-15 19:25:00,92.0,24.9,55.8,697.0,62.0,3.6,4.6
2024-08-15 19:30:00,92.6,24.9,55.5,673.0,81.6,1.6,2.6
2024-08-15 19:35:00,88.0,25.0,55.4,657.2,68.2,18.6,19.8
2024-08-15 19:40:00,91.2,25.1,55.4,717.4,65.0,7.0,8.2
2024-08-15 19:45:00,84.4,25.0,55.5,744.2,61.8,28.6,30.0
2024-08-15 19:50:00,88.8,25.1,55.4,760.0,59.2,10.8,12.0
2024-08-15 19:55:00,86.6,25.1,55.4,758.4,57.8,18.4,19.6
2024-08-15 20:00:00,91.2,25.1,55.3,730.4,47.0,4.6,5.6
2024-08-15 20:05:00,92.0,25.2,55.2,718.8,47.2,2.0,3.0
2024-08-15 20:10:00,91.6,25.2,55.1,713.4,46.4,1.0,2.0
2024-08-15 20:15:00,92.4,25.2,55.0,664.4,42.4,1.4,2.4
2024-08-15 20:20:00,93.0,25.2,55.0,642.8,40.8,1.4,2.4
2024-08-15 20:25:00,93.2,25.2,54.9,608.2,37.0,1.6,2.6
2024-08-15 20:30:00,94.2,25.2,54.8,570.2,30.8,2.0,3.0
2024-08-15 20:35:00,93.0,25.4,56.2,561.0,56.2,2.2,3.2
2024-08-15 20:40:00,89.8,25.5,58.0,629.0,89.8,2.4,3.4
2024-08-15 20:45:00,88.6,25.6,58.2,677.4,100.2,2.4,3.4
2024-08-15 20:50:00,85.8,25.8,58.2,702.6,98.6,12.6,13.8
2024-08-15 20:55:00,64.4,25.8,57.4,705.6,6982.8,13.2,14.4
2024-08-15 21:00:00,68.2,25.9,56.8,705.6,5610.4,4.4,5.4
2024-08-15 21:05:00,70.4,25.9,56.3,704.6,4330.0,4.4,5.4
2024-08-15 21:10:00,71.4,26.0,55.9,706.6,3547.8,4.8,5.8
2024-08-15 21:15:00,73.8,26.0,55.7,711.2,2941.2,3.2,4.2
2024-08-15 21:20:00,79.2,26.0,55.3,708.2,2219.4,7.4,8.4
2024-08-15 21:25:00,81.8,26.1,54.9,698.8,1767.8,3.8,4.8
2024-08-15 21:30:00,82.4,26.2,54.8,691.4,1549.6,3.2,4.2
2024-08-15 21:35:00,83.0,26.2,54.8,690.0,1438.0,2.0,3.0
2024-08-16 15:15:00,94.0,23.6,52.9,690.0,20.0,2.0,3.0
2024-08-16 15:20:00,94.0,23.6,52.9,693.0,20.0,1.2,2.2
2024-08-16 15:25:00,94.0,23.6,52.8,702.6,43.0,1.2,2.2
2024-08-16 15:30:00,94.0,23.7,52.7,705.6,46.4,1.0,2.0
2024-08-16 15:35:00,94.0,23.7,52.6,707.2,43.6,1.0,2.0
2024-08-16 15:40:00,94.0,23.7,52.6,703.2,40.2,1.0,2.0
2024-08-16 15:45:00,94.0,23.8,52.5,701.0,39.8,1.2,2.2
2024-08-16 15:50:00,94.0,23.8,52.5,702.2,34.2,1.6,2.6
2024-08-16 15:55:00,94.4,23.8,52.4,696.2,33.8,1.0,2.0
2024-08-16 16:00:00,95.0,23.8,52.4,693.3,34.0,1.0,2.0
2024-08-16 16:05:00,95.0,23.8,52.2,684.2,33.0,1.0,2.0
2024-08-16 16:10:00,95.0,23.9,52.1,682.0,33.8,1.0,2.0
2024-08-16 16:15:00,95.0,23.9,52.0,679.4,31.6,1.0,2.0
2024-08-16 16:20:00,95.0,23.9,52.0,674.2,30.4,1.0,2.0
2024-08-16 16:25:00,95.0,24.0,51.8,672.4,35.0,1.2,2.2
2024-08-16 16:30:00,95.0,24.0,51.6,674.2,33.2,1.2,2.2
2024-08-16 16:35:00,95.0,24.0,51.6,676.6,32.6,1.0,2.0
2024-08-16 16:40:00,95.0,24.0,51.5,677.5,32.5,1.0,2.0
2024-08-16 16:45:00,96.0,24.0,51.5,671.0,32.4,1.4,2.4
2024-08-16 16:50:00,96.0,24.1,51.3,662.4,30.4,1.0,2.0
2024-08-16 16:55:00,96.0,24.1,51.0,655.8,28.2,1.2,2.2
2024-08-16 17:00:00,96.0,24.1,50.8,646.6,27.0,1.4,2.4
2024-08-16 17:05:00,96.0,24.1,50.9,651.2,55.8,1.6,2.6
2024-08-16 17:10:00,96.0,24.1,50.8,657.2,73.8,1.4,2.4
2024-08-16 17:15:00,96.0,24.2,50.8,648.8,64.4,2.0,3.0
2024-08-16 17:20:00,96.0,24.2,50.7,650.6,56.6,1.6,2.6
2024-08-16 17:25:00,96.0,24.2,50.5,653.8,53.4,1.6,2.6
2024-08-16 17:30:00,96.0,24.3,50.5,654.8,48.2,1.2,2.2
2024-08-16 17:35:00,96.6,24.3,50.3,656.6,46.8,2.4,3.4
2024-08-16 17:40:00,97.0,24.4,50.2,653.4,43.2,2.2,3.2
2024-08-16 17:45:00,97.0,24.4,49.9,640.6,41.6,2.2,3.2
2024-08-16 17:50:00,97.0,24.3,49.8,625.4,42.2,2.6,3.6
2024-08-16 17:55:00,96.6,24.4,50.5,631.6,42.6,4.2,5.2
2024-08-16 18:00:00,96.0,24.5,51.5,655.2,43.8,3.2,4.2
2024-08-16 18:05:00,95.5,24.5,51.5,662.8,45.5,3.0,4.0
2024-08-16 18:10:00,96.2,24.5,50.8,642.4,40.6,2.2,3.2
2024-08-16 18:15:00,96.8,24.6,50.6,633.6,43.6,4.8,5.8
2024-08-16 18:20:00,96.4,24.6,50.4,654.8,50.0,2.4,3.4
2024-08-16 18:25:00,96.0,24.7,50.2,674.6,50.2,2.2,3.2
2024-08-16 18:30:00,95.8,24.7,50.0,685.4,54.4,5.4,6.4
2024-08-16 18:35:00,96.0,24.7,49.9,704.0,67.5,2.5,3.5
2024-08-17 18:10:00,99.5,23.1,43.9,513.2,20.0,1.8,2.8
2024-08-17 18:15:00,98.8,23.1,43.9,525.6,20.0,3.8,4.8
2024-08-17 18:20:00,99.0,23.2,43.8,529.4,20.0,2.4,3.4
2024-08-17 18:25:00,99.0,23.2,43.4,529.2,20.0,2.4,3.4
2024-08-17 18:30:00,99.0,23.2,43.3,518.0,20.0,2.2,3.2
2024-08-17 18:35:00,99.8,23.2,43.4,511.2,20.0,2.4,3.4
2024-08-17 18:40:00,99.8,23.2,43.4,509.2,20.0,3.0,4.0
2024-08-17 18:45:00,99.0,23.2,43.3,520.0,20.0,2.3,3.3
2024-08-17 18:50:00,98.8,23.3,43.3,529.2,20.0,5.6,6.6
2024-08-17 18:55:00,99.0,23.3,43.3,535.8,20.0,3.6,4.6
2024-08-17 19:00:00,99.0,23.3,43.2,535.6,20.0,3.0,4.0
2024-08-17 19:05:00,99.0,23.3,43.2,535.2,20.0,3.0,4.0
2024-08-17 19:10:00,99.0,23.3,43.0,533.2,20.0,3.0,4.0
2024-08-17 19:15:00,99.0,23.3,43.1,537.0,20.0,3.0,4.0
2024-08-17 19:20:00,99.0,23.3,43.3,527.2,20.0,2.8,3.8
2024-08-17 19:25:00,80.8,23.7,43.1,668.8,20.0,69.8,71.8
2024-08-17 19:30:00,96.0,23.6,43.4,675.8,20.0,6.8,7.8
2024-08-17 19:35:00,91.8,23.6,43.7,634.4,20.0,23.6,24.8
2024-08-17 19:40:00,95.2,23.8,44.0,607.8,20.0,12.4,13.6
2024-08-17 19:45:00,97.2,23.8,43.9,594.4,20.0,7.4,8.4
2024-08-17 19:50:00,97.6,23.7,43.7,593.0,20.0,3.4,4.4
2024-08-17 19:55:00,97.2,23.4,44.0,529.6,337.2,3.2,4.2
2024-08-17 20:00:00,97.0,23.2,44.2,479.2,441.2,4.2,5.2
2024-08-17 20:05:00,99.2,22.8,44.9,441.6,171.2,3.0,4.0
2024-08-17 20:10:00,100.0,22.4,46.4,416.6,44.0,2.8,3.8
2024-08-17 20:15:00,100.0,22.3,46.8,403.4,20.0,3.8,4.8
2024-08-17 20:20:00,100.0,22.2,47.7,400.0,20.0,2.6,3.6
2024-08-17 20:25:00,100.0,22.2,48.0,400.0,20.0,3.4,4.4
2024-08-17 20:30:00,100.0,22.2,47.9,400.0,23.4,3.0,4.0
2024-08-17 20:35:00,99.8,22.2,47.6,400.0,124.5,3.5,4.5
2024-08-17 20:40:00,100.0,22.4,47.0,400.0,99.2,3.6,4.6
2024-08-17 20:45:00,99.4,22.4,46.9,400.0,125.6,3.0,4.0
2024-08-17 20:50:00,100.0,22.4,46.9,400.0,116.6,3.4,4.4
2024-08-17 20:55:00,100.0,22.5,46.7,400.0,90.2,3.0,4.0
2024-08-17 21:00:00,100.0,22.4,46.6,400.0,68.4,3.0,4.0
2024-08-17 21:05:00,100.0,22.5,46.4,400.0,48.7,2.7,3.7
2024-08-17 21:10:00,100.0,22.6,46.3,400.0,37.0,2.6,3.6
2024-08-17 21:15:00,100.0,22.6,46.9,400.0,25.5,2.0,3.0
2024-08-18 09:45:00,90.0,23.3,53.9,712.8,398.0,3.2,4.2
2024-08-18 09:50:00,90.8,23.3,53.8,715.0,357.0,3.0,4.0
2024-08-18 09:55:00,91.0,23.3,53.8,705.0,323.6,3.0,4.0
2024-08-18 10:00:00,91.8,23.3,53.7,696.6,298.0,3.2,4.2
2024-08-18 10:05:00,92.0,23.4,53.6,690.2,273.2,3.2,4.2
2024-08-18 10:10:00,92.2,23.3,53.6,676.6,248.2,3.2,4.2
2024-08-18 10:15:00,93.0,23.4,53.5,666.2,233.2,3.0,4.0
2024-08-18 10:20:00,93.0,23.4,53.5,661.4,218.6,3.0,4.0
2024-08-18 10:25:00,93.0,23.4,53.5,660.2,206.2,3.0,4.0
2024-08-18 10:30:00,93.0,23.4,53.5,658.0,192.8,3.0,4.0
2024-08-18 10:35:00,93.0,23.4,53.5,656.6,179.4,3.0,4.0
2024-08-18 10:40:00,93.4,23.4,53.5,653.8,170.8,3.0,4.0
2024-08-18 10:45:00,94.0,23.4,53.5,654.0,163.2,2.8,3.8
2024-08-18 10:50:00,94.0,23.4,53.5,653.2,160.4,3.0,4.0
2024-08-18 10:55:00,94.0,23.4,53.5,656.0,156.8,2.4,3.4
2024-08-18 11:00:00,94.0,23.4,53.5,658.4,153.6,3.4,4.4
2024-08-18 11:05:00,94.0,23.4,53.4,658.8,152.0,3.2,4.2
2024-08-18 11:10:00,94.0,23.5,53.3,658.2,147.4,3.0,4.0
2024-08-18 11:15:00,94.0,23.5,53.3,662.4,144.6,3.0,4.0
2024-08-18 11:20:00,94.0,23.5,53.2,659.4,139.6,2.8,3.8
2024-08-18 11:25:00,94.0,23.5,53.2,656.6,137.6,3.6,4.6
2024-08-18 11:30:00,94.0,23.5,53.1,649.8,134.2,3.2,4.2
2024-08-18 11:35:00,94.0,23.5,53.1,647.0,131.4,3.2,4.2
2024-08-18 11:40:00,94.0,23.5,53.1,648.8,128.4,3.4,4.4
2024-08-18 11:45:00,94.0,23.5,53.1,644.4,126.4,3.2,4.2
2024-08-18 11:50:00,94.8,23.5,53.0,636.4,123.0,3.6,4.6
2024-08-18 11:55:00,95.0,23.5,53.0,625.4,121.2,3.4,4.4
2024-08-18 12:00:00,95.0,23.5,53.0,620.8,119.6,3.0,4.0
2024-08-18 12:05:00,95.0,23.5,53.0,621.2,118.0,3.0,4.0
2024-08-18 12:10:00,95.0,23.5,53.0,619.0,117.6,3.0,4.0
2024-08-18 12:15:00,95.0,23.4,52.9,620.8,112.8,4.2,5.2
2024-08-18 12:20:00,95.0,23.4,52.8,618.4,111.0,3.2,4.2
2024-08-18 12:25:00,95.0,23.4,52.8,618.4,111.0,4.0,5.0
2024-08-18 12:30:00,95.0,23.4,52.9,619.8,113.4,3.0,4.0
2024-08-18 12:35:00,95.0,23.4,52.9,618.8,110.2,3.8,4.8
2024-08-18 12:40:00,95.0,23.3,52.9,623.4,110.6,3.6,4.6
2024-08-18 12:45:00,95.0,23.3,52.9,625.2,108.2,3.6,4.6
2024-08-18 12:50:00,95.0,23.3,52.9,622.2,109.8,3.6,4.6
2024-08-18 12:55:00,95.0,23.2,52.9,620.4,108.4,3.6,4.6
2024-08-18 13:00:00,95.0,23.2,52.9,623.4,107.4,4.2,5.2
2024-08-18 13:05:00,95.0,23.2,53.0,621.8,104.8,3.8,4.8
2024-08-18 13:10:00,95.0,23.2,53.1,623.4,108.6,3.2,4.2
2024-08-18 13:15:00,95.0,23.2,53.1,629.6,108.6,3.2,4.2
2024-08-18 13:20:00,95.0,23.2,53.1,634.0,107.4,4.0,5.0
2024-08-18 13:25:00,95.0,23.2,53.1,633.0,106.0,3.6,4.6
2024-08-18 13:30:00,95.0,23.2,53.1,632.0,107.8,3.6,4.6
2024-08-18 13:35:00,95.0,23.2,53.1,628.2,105.6,3.8,4.8
2024-08-18 13:40:00,95.0,23.2,53.2,626.4,106.0,3.8,4.8
2024-08-18 13:45:00,95.0,23.2,53.2,624.2,108.6,3.8,4.8
2024-08-18 13:50:00,95.0,23.2,53.2,622.0,105.2,3.6,4.6
2024-08-18 13:55:00,95.0,23.2,53.1,619.8,103.4,3.6,4.6
2024-08-18 14:00:00,95.0,23.1,53.2,622.2,104.6,3.8,4.8
2024-08-18 14:05:00,95.0,23.2,53.2,621.2,103.6,3.0,4.0
2024-08-18 14:10:00,95.0,23.2,53.2,624.2,103.0,3.5,4.5
2024-08-18 14:15:00,95.0,23.2,53.2,625.0,102.4,3.6,4.6
2024-08-18 14:20:00,95.0,23.2,53.2,623.8,101.2,3.6,4.6
2024-08-18 14:25:00,95.0,23.2,53.1,619.6,98.6,4.0,5.0
2024-08-18 14:30:00,95.0,23.2,53.1,619.2,98.2,3.8,4.8
2024-08-18 14:35:00,95.0,23.2,53.1,622.2,100.6,3.6,4.6
2024-08-18 14:40:00,95.0,23.2,53.1,628.6,99.2,3.6,4.6
2024-08-18 14:45:00,95.0,23.2,53.0,628.5,99.0,3.5,4.5
2024-08-18 14:50:00,95.0,23.2,53.0,630.4,97.8,3.8,4.8
2024-08-18 14:55:00,95.0,23.2,52.9,630.0,97.4,4.0,5.0
2024-08-18 15:00:00,95.0,23.2,52.9,628.4,93.8,3.8,4.8
2024-08-18 15:05:00,95.0,23.2,52.8,624.0,96.0,3.8,4.8
2024-08-18 15:10:00,95.0,23.2,52.7,624.0,93.4,4.4,5.4
2024-08-18 15:15:00,95.0,23.2,52.7,620.2,94.2,3.8,4.8
2024-08-18 15:20:00,95.0,23.2,52.5,610.0,103.0,3.8,4.8
2024-08-18 15:25:00,95.0,23.2,52.5,603.8,119.2,4.2,5.2
2024-08-18 15:30:00,95.2,23.2,52.5,599.0,122.6,4.0,5.0
2024-08-18 15:35:00,96.0,23.2,52.4,595.6,120.4,4.2,5.2
2024-08-18 15:40:00,96.0,23.2,52.4,592.2,114.6,3.8,4.8
2024-08-18 15:45:00,96.0,23.2,52.4,593.8,109.8,3.8,4.8
2024-08-18 15:50:00,96.0,23.2,52.4,589.6,105.6,3.8,4.8
2024-08-18 15:55:00,96.0,23.2,52.3,587.4,100.0,3.8,4.8
2024-08-18 16:00:00,96.0,23.2,52.3,587.8,99.2,4.6,5.6
2024-08-18 16:05:00,96.0,23.2,52.3,595.4,96.8,4.8,5.8
2024-08-18 16:10:00,96.0,23.2,52.2,600.0,93.4,4.6,5.6
2024-08-18 16:15:00,96.0,23.2,52.2,598.6,91.2,5.0,6.0
2024-08-18 16:20:00,96.0,23.2,52.1,589.8,88.6,5.0,6.0
2024-08-18 16:25:00,96.0,23.2,52.0,586.8,86.8,4.8,5.8
2024-08-18 16:30:00,96.8,23.2,51.9,578.2,84.2,5.4,6.4
2024-08-18 16:35:00,97.0,23.2,51.7,571.2,83.6,5.4,6.4
2024-08-18 16:40:00,97.0,23.2,51.6,563.6,84.2,5.8,6.8
2024-08-18 16:45:00,97.0,23.2,51.5,564.8,82.4,6.0,7.0
2024-08-18 16:50:00,97.0,23.3,51.4,565.6,82.4,5.6,6.6
2024-08-18 16:55:00,97.0,23.3,51.2,569.8,80.8,5.6,6.6
2024-08-18 17:00:00,97.0,23.3,51.1,569.6,102.0,6.2,7.2
2024-08-18 17:05:00,96.2,23.3,51.1,583.4,175.6,6.2,7.2
2024-08-18 17:10:00,96.0,23.2,50.9,600.8,152.4,5.6,6.6
2024-08-18 17:15:00,96.0,23.2,50.9,610.2,138.0,5.8,6.8
2024-08-18 17:20:00,97.0,23.3,50.7,596.2,123.4,6.6,7.6
2024-08-18 17:25:00,97.0,23.2,50.4,593.0,110.6,6.4,7.4
2024-08-18 17:30:00,96.6,23.2,50.2,600.6,105.0,7.2,8.2
2024-08-18 17:35:00,97.0,23.2,50.1,605.4,99.4,6.2,7.2
2024-08-18 17:40:00,97.0,23.2,50.1,604.4,95.0,6.6,7.6
2024-08-18 17:45:00,97.0,23.2,50.0,604.2,91.8,5.8,6.8
2024-08-18 17:50:00,97.8,23.2,49.9,598.0,88.0,6.0,7.0
2024-08-18 17:55:00,98.0,23.2,49.8,595.2,82.8,5.5,6.5
2024-08-18 18:00:00,98.0,23.2,49.5,593.6,81.8,6.6,7.6
2024-08-18 18:05:00,98.0,23.4,49.2,587.5,93.0,6.5,7.5
2024-08-18 18:10:00,98.0,23.4,49.4,579.8,104.4,6.8,7.8
2024-08-18 18:15:00,97.0,23.6,49.3,591.7,101.3,8.7,9.7
2024-08-18 18:45:00,97.0,23.6,48.4,632.0,71.0,8.0,9.0
2024-08-18 18:50:00,96.5,23.7,47.8,621.2,74.5,8.8,9.8
2024-08-18 18:55:00,97.8,23.5,47.6,586.0,72.2,7.2,8.2
2024-08-18 19:00:00,99.0,23.4,47.4,533.0,68.4,7.0,8.0
2024-08-18 19:05:00,99.8,23.4,47.2,498.2,65.8,7.4,8.4
2024-08-18 19:10:00,100.0,23.5,46.9,479.6,63.8,7.8,8.8
2024-08-18 19:15:00,99.8,23.5,46.6,462.0,61.6,7.8,8.8
2024-08-18 19:20:00,99.8,23.5,46.8,449.8,61.8,8.0,9.0
2024-08-18 19:25:00,99.8,23.4,46.8,441.0,59.0,8.0,9.0
2024-08-18 19:30:00,99.6,23.4,46.9,429.2,58.4,8.4,9.4
2024-08-18 19:35:00,100.0,23.4,47.0,420.6,57.6,7.4,8.4
2024-08-18 19:40:00,99.8,23.4,47.1,451.0,61.4,8.2,9.2
2024-08-18 19:45:00,99.2,23.6,46.7,503.8,57.6,9.0,10.0
2024-08-18 19:50:00,98.4,23.5,46.9,543.8,58.4,9.0,10.0
2024-08-18 19:55:00,97.4,23.5,47.0,574.0,55.4,9.4,10.4
2024-08-18 20:00:00,97.6,23.6,46.9,592.4,57.4,8.2,9.2
2024-08-18 20:05:00,96.4,23.6,47.0,608.0,58.0,10.0,11.0
2024-08-18 20:10:00,96.6,23.6,46.9,620.4,55.4,9.2,10.2
2024-08-18 20:15:00,94.8,23.6,46.8,625.4,57.6,16.0,17.2
2024-08-18 20:20:00,96.4,23.6,46.8,638.0,59.0,9.0,10.0
2024-08-18 20:25:00,92.2,23.7,46.8,643.2,59.6,20.6,21.8
2024-08-18 20:30:00,94.2,23.7,46.6,629.4,55.8,19.0,20.2
2024-08-18 20:35:00,96.5,23.8,46.5,614.0,57.5,10.0,11.0
2024-08-18 20:40:00,95.0,23.8,46.6,630.8,60.5,14.2,15.2
2024-08-18 20:45:00,96.8,23.8,46.4,633.2,57.4,9.0,10.0
2024-08-18 20:50:00,95.0,23.9,46.4,632.0,60.0,16.7,18.0
2024-08-19 09:45:00,85.0,23.9,51.5,794.0,1346.0,13.5,14.5
2024-08-19 09:50:00,85.0,23.8,51.7,790.6,1253.2,13.2,14.2
2024-08-19 09:55:00,85.2,23.8,51.8,786.0,1136.0,14.4,15.4
2024-08-19 10:00:00,86.2,23.9,51.5,782.4,1001.0,13.2,14.2
2024-08-19 10:05:00,86.0,23.9,51.7,783.4,932.6,13.8,14.8
2024-08-19 10:10:00,86.6,23.9,51.7,775.2,844.2,13.6,14.6
2024-08-19 10:15:00,87.0,23.9,51.5,759.2,796.5,13.5,14.5
2024-08-19 10:20:00,87.4,23.9,51.4,748.0,754.2,13.6,14.6
2024-08-19 10:25:00,87.8,23.9,51.5,742.0,718.0,13.8,14.8
2024-08-19 10:30:00,88.0,23.9,51.5,740.2,676.4,13.8,14.8
2024-08-19 10:35:00,88.0,23.9,51.4,736.0,643.6,13.6,14.6
2024-08-19 10:40:00,88.0,23.9,51.5,728.6,615.0,13.8,14.8
2024-08-19 10:45:00,87.4,24.1,51.6,793.0,599.8,13.4,14.4
2024-08-19 10:50:00,86.8,24.1,51.5,860.0,566.2,13.6,14.6
2024-08-19 10:55:00,87.0,24.1,51.4,866.4,542.2,13.0,14.0
2024-08-19 11:00:00,87.0,23.8,52.0,820.2,525.2,14.0,15.0
2024-08-19 11:05:00,87.0,23.7,52.2,816.4,503.8,12.8,13.8
2024-08-19 11:10:00,87.0,23.8,52.2,812.4,496.8,13.0,14.0
2024-08-19 11:15:00,87.4,23.7,52.2,804.0,467.4,13.2,14.2
2024-08-19 11:20:00,87.8,23.7,52.1,789.8,443.0,13.2,14.2
2024-08-19 11:25:00,88.8,23.8,51.8,752.8,412.0,13.8,14.8
2024-08-19 11:30:00,89.4,23.8,51.7,732.2,388.8,13.6,14.6
2024-08-19 11:35:00,90.0,23.8,51.5,737.0,374.6,13.0,14.0
2024-08-19 11:40:00,89.8,23.9,51.5,741.2,368.6,13.0,14.0
2024-08-19 11:45:00,90.0,23.9,51.5,740.6,360.0,12.8,13.8
2024-08-19 11:50:00,90.4,23.9,51.4,740.2,355.8,12.2,13.2
2024-08-19 11:55:00,90.2,23.9,51.4,742.2,347.4,12.4,13.4
2024-08-19 12:00:00,90.0,23.9,51.4,746.0,335.4,12.8,13.8
2024-08-19 12:05:00,90.0,23.9,51.4,738.8,335.2,12.4,13.4
2024-08-19 12:10:00,90.0,23.9,51.3,743.8,329.2,13.0,14.0
2024-08-19 12:15:00,90.0,23.9,51.4,749.0,319.2,13.0,14.0
2024-08-19 12:20:00,90.0,23.8,51.5,746.6,308.8,12.4,13.4
2024-08-19 12:25:00,90.0,23.7,51.8,736.0,304.0,12.8,13.8
2024-08-19 12:30:00,90.0,23.7,51.9,746.6,301.6,12.8,13.8
2024-08-19 12:35:00,90.2,23.7,51.9,745.4,288.0,12.4,13.4
2024-08-19 12:40:00,90.0,23.7,52.0,741.8,287.2,13.0,14.0
2024-08-19 12:45:00,90.2,23.7,52.2,750.0,285.2,13.0,14.0
2024-08-19 12:50:00,90.0,23.7,52.3,754.6,277.2,12.4,13.4
2024-08-19 12:55:00,90.0,23.8,52.3,761.8,278.4,12.2,13.2
2024-08-19 13:00:00,90.0,23.7,52.4,762.8,268.6,12.4,13.4
2024-08-19 13:05:00,90.2,23.7,52.4,750.2,264.4,12.2,13.2
2024-08-19 13:10:00,90.0,23.8,52.4,750.4,264.4,11.8,12.8
2024-08-19 13:15:00,89.4,23.9,52.2,792.2,274.8,12.8,13.8
2024-08-19 13:20:00,89.6,23.9,52.3,799.0,268.4,12.0,13.0
2024-08-19 13:25:00,90.6,23.8,52.1,753.8,245.6,12.0,13.0
2024-08-19 13:30:00,91.2,23.8,52.2,702.8,243.8,12.0,13.0
2024-08-19 13:35:00,91.2,23.8,52.2,708.2,238.0,12.0,13.0
2024-08-19 13:40:00,91.4,23.8,52.3,694.8,226.2,11.8,12.8
2024-08-19 13:45:00,91.2,23.8,52.3,707.6,228.4,11.8,12.8
2024-08-19 13:50:00,91.2,23.7,52.5,706.6,218.4,12.0,13.0
2024-08-19 13:55:00,90.4,23.8,52.6,759.8,249.4,11.8,12.8
2024-08-19 14:00:00,89.8,23.9,52.5,816.2,253.0,11.6,12.6
2024-08-19 14:05:00,89.2,23.9,52.5,826.5,250.0,12.0,13.0
2024-08-19 14:10:00,89.2,23.9,52.5,815.4,246.4,12.4,13.4
2024-08-19 14:15:00,89.8,23.9,52.4,815.8,248.6,12.2,13.2
2024-08-19 14:20:00,90.0,23.9,52.4,795.4,243.0,11.6,12.6
2024-08-19 14:25:00,89.0,24.1,52.2,835.2,274.4,12.4,13.4
2024-08-19 14:30:00,89.2,24.1,52.1,851.4,266.0,11.6,12.6
2024-08-19 14:35:00,90.6,23.9,52.3,772.8,212.2,12.0,13.0
2024-08-19 14:40:00,91.0,23.8,52.6,707.2,224.6,12.2,13.2
2024-08-19 14:45:00,91.0,23.7,52.8,706.6,219.6,13.0,14.0
2024-08-19 14:50:00,91.0,23.7,52.8,708.2,216.8,12.6,13.6
2024-08-19 14:55:00,91.0,23.7,52.7,695.2,208.0,13.0,14.0
2024-08-19 15:00:00,91.0,23.7,52.7,689.2,211.0,13.0,14.0
2024-08-19 15:05:00,91.0,23.7,52.7,686.2,205.8,12.8,13.8
2024-08-19 15:10:00,91.2,23.7,52.7,679.0,201.6,13.0,14.0
2024-08-19 15:15:00,91.0,23.7,52.9,680.4,203.0,13.6,14.6
2024-08-19 15:20:00,91.0,23.7,52.8,680.8,194.2,13.2,14.2
2024-08-19 15:25:00,90.8,23.7,53.0,686.4,211.0,13.2,14.2
2024-08-19 15:30:00,90.0,23.8,53.0,748.2,232.2,12.8,13.8
2024-08-19 15:35:00,90.2,23.7,53.1,753.4,214.2,13.0,14.0
2024-08-19 15:40:00,91.0,23.7,52.9,701.0,185.4,12.6,13.6
2024-08-19 15:45:00,91.4,23.7,52.8,676.0,180.8,12.8,13.8
2024-08-19 15:50:00,91.6,23.7,53.0,664.2,186.2,12.6,13.6
2024-08-19 15:55:00,91.2,23.6,53.1,681.2,187.8,12.2,13.2
2024-08-19 16:00:00,91.6,23.6,53.1,658.0,172.4,13.6,14.6
2024-08-19 16:05:00,92.0,23.6,53.0,653.4,171.2,12.8,13.8
2024-08-19 16:10:00,91.8,23.6,52.9,658.8,172.0,13.0,14.0
2024-08-19 16:15:00,92.0,23.6,53.0,649.8,164.6,13.0,14.0
2024-08-19 16:20:00,92.0,23.6,52.9,654.6,164.8,13.4,14.4
2024-08-19 16:25:00,92.0,23.6,52.9,654.4,165.2,12.4,13.4
2024-08-19 16:30:00,91.0,23.7,52.9,693.8,176.4,12.8,13.8
2024-08-19 16:35:00,91.0,23.8,52.8,715.8,176.6,13.6,14.6
2024-08-19 16:40:00,91.0,23.8,52.6,717.4,172.6,13.0,14.0
2024-08-19 16:45:00,91.4,23.7,52.7,691.2,165.6,13.4,14.4
2024-08-19 16:50:00,91.2,23.7,52.8,681.4,164.0,13.4,14.4
2024-08-19 16:55:00,91.4,23.7,52.9,691.2,173.0,12.8,13.8
2024-08-19 17:00:00,91.0,23.6,53.2,703.0,168.4,12.6,13.6
2024-08-19 17:05:00,89.2,23.6,53.2,692.0,389.6,13.0,14.0
2024-08-19 17:10:00,89.4,23.6,53.2,716.0,306.4,12.4,13.4
2024-08-19 17:15:00,90.0,23.6,53.3,710.0,275.0,12.4,13.4
2024-08-19 17:20:00,90.0,23.6,53.4,726.0,258.2,11.8,12.8
2024-08-19 17:25:00,90.4,23.6,53.4,717.6,242.8,11.6,12.6
2024-08-19 17:30:00,90.2,23.6,53.4,714.0,233.6,12.2,13.2
2024-08-19 17:35:00,90.6,23.6,53.3,707.2,217.4,12.0,13.0
2024-08-19 17:40:00,91.0,23.7,53.2,691.0,195.0,12.2,13.2
2024-08-19 17:45:00,90.4,23.7,53.4,686.8,283.8,12.0,13.0
2024-08-19 17:50:00,81.2,23.8,53.5,696.8,2036.2,13.6,14.6
2024-08-19 17:55:00,86.6,23.8,53.3,732.4,761.4,12.0,13.0
2024-08-19 18:00:00,87.0,23.9,53.1,754.0,551.0,11.5,12.5
2024-08-19 18:05:00,87.4,23.8,53.2,761.6,450.2,13.4,14.4
2024-08-19 18:10:00,88.0,23.7,53.5,735.8,381.2,13.6,14.6
2024-08-19 18:15:00,80.4,23.8,53.2,762.2,335.2,48.0,49.4
2024-08-19 18:20:00,89.0,23.7,53.5,754.0,303.2,12.6,13.6
2024-08-19 18:25:00,84.4,23.6,53.8,734.6,279.2,29.8,31.0
2024-08-19 18:30:00,89.4,23.6,54.1,710.2,245.8,12.6,13.6
2024-08-19 18:35:00,90.0,23.6,53.9,706.5,229.5,12.0,13.0
2024-08-19 20:25:00,85.0,23.9,57.4,563.0,694.2,19.0,20.0
2024-08-19 20:30:00,85.2,23.9,57.2,547.0,665.8,22.0,23.0
2024-08-19 20:35:00,85.7,23.8,57.3,526.0,614.0,22.0,23.0
2024-08-19 20:40:00,87.0,23.9,56.7,511.6,555.8,20.8,21.8
2024-08-19 20:45:00,87.6,24.1,56.3,500.2,505.0,20.6,21.6
2024-08-19 20:50:00,88.6,24.0,56.1,487.2,458.0,18.4,19.4
2024-08-19 20:55:00,89.2,24.0,56.2,476.6,410.6,18.6,19.6
2024-08-19 21:00:00,89.6,24.0,56.1,471.2,367.2,17.2,18.2
2024-08-19 21:05:00,90.4,24.0,56.0,464.2,345.0,16.8,17.8
2024-08-19 21:10:00,90.4,24.0,56.1,460.4,327.0,16.2,17.2
2024-08-19 21:15:00,90.6,24.1,56.0,489.8,311.6,16.8,17.8
2024-08-19 21:20:00,79.4,24.1,56.5,584.8,291.2,59.4,61.2
2024-08-19 21:25:00,86.4,23.9,56.8,717.4,295.6,16.0,17.0
2024-08-19 21:30:00,86.4,23.9,57.0,729.6,278.2,16.0,17.0
2024-08-19 21:35:00,86.0,24.0,56.9,781.5,269.0,16.5,17.5
2024-08-19 21:40:00,77.5,23.9,57.0,749.8,256.2,47.0,48.5
2024-08-19 21:45:00,85.6,23.9,56.8,742.8,248.2,20.0,21.2
2024-08-19 21:50:00,86.6,23.8,57.0,745.4,241.8,15.0,16.0
2024-08-19 21:55:00,86.2,23.8,56.9,770.2,234.8,14.6,15.6
2024-08-19 22:00:00,86.0,24.1,56.5,789.0,240.0,15.5,16.5
2024-08-20 18:05:00,94.6,22.5,54.1,596.4,82.4,3.4,4.4
2024-08-20 18:10:00,95.0,22.5,53.8,588.8,81.2,2.8,3.8
2024-08-20 18:15:00,95.0,22.5,53.5,594.6,80.0,2.6,3.6
2024-08-20 18:20:00,95.0,22.6,53.4,601.4,82.4,4.4,5.4
2024-08-20 18:25:00,94.4,22.7,53.0,630.2,85.4,6.8,7.8
2024-08-20 18:30:00,94.4,22.6,52.8,642.4,83.0,6.2,7.2
2024-08-20 18:35:00,95.0,22.5,52.6,637.8,80.2,3.4,4.4
2024-08-20 18:40:00,94.6,22.6,52.5,650.8,89.6,7.0,8.0
2024-08-20 18:45:00,92.0,22.6,52.2,650.0,84.4,15.6,16.8
2024-08-20 18:50:00,95.4,22.5,51.6,635.4,78.0,5.8,6.8
2024-08-20 18:55:00,89.0,22.6,51.8,719.4,107.2,22.8,24.0
2024-08-20 19:00:00,95.2,22.7,51.2,660.6,99.6,5.6,6.6
2024-08-20 19:05:00,96.2,22.6,51.4,604.8,81.2,4.0,5.0
2024-08-20 19:10:00,76.8,22.7,52.1,609.4,86.6,90.4,92.6
2024-08-20 19:15:00,96.0,22.6,51.4,614.4,78.6,6.0,7.0
2024-08-20 19:20:00,97.8,22.5,51.2,556.8,71.5,3.8,4.8
2024-08-20 19:25:00,99.0,22.4,50.9,514.6,63.0,3.6,4.6
2024-08-20 19:30:00,99.4,22.4,50.6,489.8,60.6,3.4,4.4
2024-08-20 19:35:00,99.6,22.4,50.3,467.6,107.2,3.2,4.2
2024-08-20 19:40:00,99.0,22.4,50.0,450.8,161.4,3.8,4.8
2024-08-20 19:45:00,99.0,22.4,50.0,438.2,189.8,4.2,5.2
2024-08-20 19:50:00,99.0,22.4,49.7,429.4,156.2,3.4,4.4
2024-08-20 19:55:00,99.6,22.3,49.4,419.8,130.0,3.4,4.4
2024-08-20 20:00:00,100.0,22.4,49.3,415.4,115.2,2.6,3.6
2024-08-20 20:05:00,97.6,22.2,47.6,421.4,51.4,15.2,16.4
2024-08-20 20:10:00,99.2,22.0,47.0,425.6,20.0,8.4,9.4
2024-08-20 20:15:00,92.4,21.8,46.8,431.2,1253.6,6.8,7.8
2024-08-20 20:20:00,97.0,21.5,46.8,429.2,269.0,10.6,11.8
2024-08-20 20:25:00,98.6,21.8,46.9,446.0,177.4,5.8,6.8
2024-08-20 20:30:00,99.0,22.0,47.2,495.4,184.8,4.4,5.4
2024-08-20 20:35:00,92.0,22.1,47.6,534.0,165.8,25.2,26.6
2024-08-21 18:10:00,98.2,22.4,49.9,562.0,36.5,5.0,6.0
2024-08-21 18:15:00,97.6,22.5,49.8,571.4,44.6,7.2,8.2
2024-08-21 18:20:00,98.0,22.5,49.6,579.8,39.2,4.4,5.4
2024-08-21 18:25:00,94.2,22.4,49.6,576.8,37.8,16.4,17.6
2024-08-21 18:30:00,98.0,22.5,49.5,576.4,41.4,3.4,4.4
2024-08-21 18:35:00,98.0,22.5,49.3,569.2,35.6,3.4,4.4
2024-08-21 18:40:00,98.0,22.6,49.2,565.4,36.4,3.6,4.6
2024-08-21 18:45:00,97.2,22.7,48.8,573.6,36.8,7.4,8.4
2024-08-21 18:50:00,98.0,22.6,48.7,571.6,37.0,4.2,5.2
2024-08-21 18:55:00,97.6,22.6,48.5,568.4,36.0,5.0,6.0
2024-08-21 19:00:00,98.0,22.6,48.6,573.8,35.2,3.2,4.2
2024-08-21 19:05:00,97.8,22.6,48.3,567.0,33.2,4.8,5.8
2024-08-21 19:10:00,98.0,22.6,48.2,561.4,31.8,2.6,3.6
2024-08-21 19:15:00,98.0,22.5,48.3,565.4,29.2,2.6,3.6
2024-08-21 19:20:00,97.4,22.6,48.1,563.4,29.6,6.4,7.4
2024-08-21 19:25:00,96.2,22.6,48.0,562.4,26.4,13.2,14.4
2024-08-21 19:30:00,92.6,22.6,48.3,582.4,1166.8,4.6,5.6
2024-08-21 19:35:00,86.8,22.6,48.5,680.2,2100.8,4.2,5.2
2024-08-21 19:40:00,90.6,22.7,48.7,690.8,1016.8,3.8,4.8
2024-08-21 19:45:00,91.8,22.7,48.8,710.0,669.0,4.0,5.0
2024-08-21 19:50:00,92.4,22.8,49.0,717.2,467.8,3.2,4.2
2024-08-21 19:55:00,93.8,22.7,49.0,703.2,324.8,3.8,4.8
2024-08-21 20:00:00,94.4,22.8,49.1,703.2,270.4,3.6,4.6
2024-08-21 20:05:00,86.8,22.7,49.3,687.6,233.4,37.4,38.8
2024-08-21 20:10:00,88.4,22.8,49.5,744.8,212.0,25.8,27.2
2024-08-21 20:15:00,94.6,22.8,49.6,767.0,178.6,3.2,4.2
2024-08-21 20:20:00,95.0,22.8,49.7,738.4,149.8,3.2,4.2
2024-08-21 20:25:00,91.2,22.8,49.4,691.2,136.8,20.6,21.8
2024-08-21 20:30:00,97.8,22.7,49.0,573.0,130.4,3.4,4.4
2024-08-21 20:35:00,99.0,22.7,48.7,512.4,145.4,3.8,4.8
2024-08-21 20:40:00,99.8,22.6,48.7,483.6,125.6,3.0,4.0
2024-08-21 20:45:00,99.2,22.6,48.5,465.4,174.4,4.4,5.4
2024-08-21 20:50:00,98.8,22.6,48.4,447.2,224.0,5.2,6.2
2024-08-21 20:55:00,99.0,22.5,48.5,436.8,201.2,6.0,7.0
2024-08-21 21:00:00,99.0,22.6,49.4,485.0,210.8,5.2,6.2
2024-08-21 21:05:00,97.6,22.7,49.7,552.8,211.6,4.8,5.8
2024-08-21 21:10:00,95.8,22.6,49.7,593.5,187.5,10.8,12.0
2024-08-22 03:00:00,93.0,22.7,52.0,748.5,148.0,8.0,9.0
2024-08-22 03:05:00,94.0,22.8,51.6,737.2,139.0,3.8,4.8
2024-08-22 03:10:00,94.0,22.7,51.7,731.6,133.8,3.2,4.2
2024-08-22 03:15:00,93.0,22.7,51.9,783.4,132.6,7.6,8.6
2024-08-22 03:20:00,92.6,22.7,52.0,824.8,132.4,7.2,8.2
2024-08-22 03:25:00,91.8,22.7,52.0,835.0,134.4,9.4,10.6
2024-08-22 03:30:00,93.0,22.7,52.1,809.4,129.4,4.0,5.0
2024-08-22 03:35:00,93.0,22.7,52.3,786.0,126.7,3.7,4.7
2024-08-22 07:40:00,88.0,22.5,54.2,718.0,651.5,4.5,5.5
2024-08-22 07:45:00,88.8,22.6,53.9,696.8,656.2,4.4,5.4
2024-08-22 07:50:00,89.2,22.5,53.8,697.6,551.6,4.6,5.6
2024-08-22 07:55:00,90.0,22.5,53.8,678.0,474.5,5.5,6.5
2024-08-22 08:00:00,91.0,22.5,53.6,664.8,413.8,4.0,5.0
2024-08-22 08:05:00,91.0,22.5,53.6,666.2,375.6,5.0,6.0
2024-08-22 08:10:00,91.4,22.5,53.5,668.6,352.0,4.2,5.2
2024-08-22 08:15:00,91.6,22.6,53.4,676.4,335.0,3.8,4.8
2024-08-22 08:20:00,92.0,22.6,53.3,669.8,316.6,3.6,4.6
2024-08-22 08:25:00,92.2,22.6,53.3,671.4,303.8,4.0,5.0
2024-08-22 08:30:00,92.0,22.6,53.2,665.8,285.6,3.0,4.0
2024-08-22 08:35:00,92.0,22.6,53.3,681.4,278.0,2.8,3.8
2024-08-22 08:40:00,91.8,22.6,53.8,697.2,271.2,3.0,4.0
2024-08-22 08:45:00,92.0,22.6,53.6,714.8,258.2,2.8,3.8
2024-08-22 08:50:00,92.0,22.6,53.5,712.8,250.6,2.4,3.4
2024-08-22 08:55:00,92.0,22.6,53.5,724.8,239.8,2.8,3.8
2024-08-22 09:00:00,92.0,22.4,53.8,713.4,226.8,3.2,4.2
2024-08-22 09:05:00,92.8,22.3,53.9,665.6,207.2,2.4,3.4
2024-08-22 09:10:00,93.0,22.4,54.0,650.8,209.8,3.2,4.2
2024-08-22 09:15:00,93.0,22.5,53.6,662.2,197.6,2.8,3.8
2024-08-22 09:20:00,93.0,22.4,53.8,670.0,189.0,3.4,4.4
2024-08-22 09:25:00,93.0,22.4,53.8,674.8,176.4,2.8,3.8
2024-08-22 09:30:00,93.0,22.3,53.8,660.4,171.4,3.0,4.0
2024-08-22 09:35:00,93.0,22.3,53.8,674.2,162.2,3.0,4.0
2024-08-22 09:40:00,93.0,22.3,53.7,665.0,162.0,2.4,3.4
2024-08-22 09:45:00,93.8,22.2,53.6,652.6,155.6,2.8,3.8
2024-08-22 09:50:00,94.0,22.2,53.6,647.0,151.4,3.0,4.0
2024-08-22 09:55:00,94.0,22.3,53.7,652.6,145.8,2.4,3.4
2024-08-22 10:00:00,94.0,22.2,53.6,647.8,144.2,3.4,4.4
2024-08-22 10:05:00,94.0,22.2,53.7,633.8,145.6,3.0,4.0
2024-08-22 10:10:00,93.8,22.2,54.0,631.4,142.0,2.8,3.8
2024-08-22 10:15:00,94.0,22.2,54.0,637.2,137.6,3.6,4.6
2024-08-22 10:20:00,93.8,22.2,54.0,638.6,136.6,3.2,4.2
2024-08-22 10:25:00,93.2,22.3,54.1,644.0,133.8,3.2,4.2
2024-08-22 10:30:00,94.0,22.3,54.0,618.8,133.8,4.0,5.0
2024-08-22 10:35:00,94.0,22.3,53.8,618.4,129.4,3.4,4.4
2024-08-22 10:40:00,94.0,22.3,53.6,627.0,127.2,3.2,4.2
2024-08-22 10:45:00,94.4,22.3,53.5,614.6,122.2,3.4,4.4
2024-08-22 10:50:00,94.8,22.4,53.5,611.6,122.0,3.4,4.4
2024-08-22 10:55:00,95.0,22.3,53.3,606.0,120.8,3.6,4.6
2024-08-22 11:00:00,95.0,22.3,53.4,604.2,118.4,2.8,3.8
2024-08-22 11:05:00,95.0,22.3,53.5,598.0,118.0,3.8,4.8
2024-08-22 11:10:00,94.8,22.4,53.6,603.8,119.8,3.6,4.6
2024-08-22 11:15:00,94.8,22.4,53.5,610.2,117.8,3.2,4.2
2024-08-22 11:20:00,94.4,22.4,53.7,602.6,117.2,2.8,3.8
2024-08-22 11:25:00,94.8,22.4,53.6,600.8,117.0,3.2,4.2
2024-08-22 11:30:00,94.4,22.4,53.7,604.6,117.0,3.0,4.0
2024-08-22 11:35:00,94.0,22.3,53.9,612.8,116.2,3.4,4.4
2024-08-22 11:40:00,94.0,22.3,54.1,629.6,117.0,3.4,4.4
2024-08-22 11:45:00,93.6,22.3,54.3,647.4,116.8,3.2,4.2
2024-08-22 11:50:00,94.0,22.3,54.1,635.5,115.8,3.2,4.2
2024-08-22 11:55:00,93.6,22.3,54.3,643.6,119.2,3.0,4.0
2024-08-22 12:00:00,93.2,22.3,54.4,661.2,123.0,3.6,4.6
2024-08-22 12:05:00,93.0,22.3,54.5,684.4,126.4,3.2,4.2
2024-08-22 12:10:00,93.0,22.3,54.5,689.4,124.2,3.6,4.6
2024-08-22 12:15:00,93.0,22.2,54.6,660.4,117.4,3.2,4.2
2024-08-22 12:20:00,93.0,22.3,54.6,667.4,122.8,3.2,4.2
2024-08-22 12:25:00,93.0,22.3,54.5,666.6,119.8,3.6,4.6
2024-08-22 12:30:00,93.0,22.1,54.8,634.4,111.0,3.4,4.4
2024-08-22 12:35:00,93.0,22.3,54.8,634.8,116.0,3.2,4.2
2024-08-22 12:40:00,93.0,22.2,54.9,626.0,115.6,3.2,4.2
2024-08-22 12:45:00,93.0,22.2,54.9,623.2,112.8,3.6,4.6
2024-08-22 12:50:00,93.0,22.2,55.1,621.6,110.0,3.6,4.6
2024-08-22 12:55:00,93.0,22.2,55.1,619.6,110.6,3.2,4.2
2024-08-22 13:00:00,93.0,22.2,55.1,620.8,109.0,3.8,4.8
2024-08-22 13:05:00,93.0,22.2,55.2,617.4,106.0,3.8,4.8
2024-08-22 13:10:00,93.0,22.2,55.2,609.6,104.4,4.4,5.4
2024-08-22 13:15:00,94.0,22.3,55.1,603.2,103.8,4.0,5.0
2024-08-22 13:20:00,94.0,22.3,55.1,604.2,104.2,4.0,5.0
2024-08-22 13:25:00,93.4,22.3,55.2,612.2,103.8,3.6,4.6
2024-08-22 13:30:00,93.0,22.4,55.2,632.0,103.0,3.6,4.6
2024-08-22 13:35:00,93.0,22.3,55.3,638.8,99.4,3.8,4.8
2024-08-22 13:40:00,93.0,22.4,55.4,639.6,96.8,3.6,4.6
2024-08-22 13:45:00,92.6,22.3,55.8,634.2,100.6,3.8,4.8
2024-08-22 13:50:00,92.0,22.2,56.2,661.6,103.2,4.4,5.4
2024-08-22 13:55:00,92.6,22.4,55.8,641.4,96.4,3.8,4.8
2024-08-22 14:00:00,92.3,22.3,56.5,643.0,104.3,4.3,5.3
2024-08-22 14:05:00,90.4,22.2,57.0,737.4,110.2,3.4,4.4
2024-08-22 14:10:00,90.0,22.2,57.2,754.2,104.0,4.0,5.0
2024-08-22 14:15:00,90.8,22.3,57.2,710.4,103.8,4.0,5.0
2024-08-22 14:20:00,91.0,22.2,57.4,688.0,100.5,4.2,5.2
2024-08-22 14:25:00,91.0,22.3,57.5,685.4,103.6,3.6,4.6
2024-08-22 14:30:00,91.0,22.2,57.7,660.4,99.0,3.6,4.6
2024-08-22 14:35:00,91.0,22.2,57.7,630.6,99.0,3.6,4.6
2024-08-22 14:40:00,91.0,22.3,58.0,629.6,98.8,3.6,4.6
2024-08-22 14:45:00,91.0,22.3,58.1,637.6,101.4,3.4,4.4
2024-08-22 14:50:00,91.0,22.3,58.2,631.4,98.8,3.2,4.2
2024-08-22 14:55:00,90.2,22.3,58.3,668.8,110.2,3.0,4.0
2024-08-22 15:00:00,89.8,22.4,58.4,711.0,113.8,3.2,4.2
2024-08-22 15:05:00,89.4,22.4,58.4,725.2,112.8,3.0,4.0
2024-08-22 15:10:00,89.0,22.4,58.6,742.6,114.8,3.4,4.4
2024-08-22 15:15:00,88.8,22.4,58.7,756.6,121.4,2.4,3.4
2024-08-22 15:20:00,88.8,22.4,58.9,762.2,116.8,2.6,3.6
2024-08-22 15:25:00,89.0,22.3,59.1,718.8,111.4,2.8,3.8
2024-08-22 15:30:00,88.6,22.3,59.5,721.2,116.2,2.6,3.6
2024-08-22 15:35:00,89.0,22.2,59.6,712.6,108.6,2.6,3.6
2024-08-22 15:40:00,89.0,22.3,59.7,684.8,109.8,2.8,3.8
2024-08-22 15:45:00,89.0,22.2,59.8,676.8,108.0,2.2,3.2
2024-08-22 15:50:00,89.0,22.2,59.9,656.2,104.8,2.0,3.0
2024-08-22 15:55:00,89.0,22.2,60.0,645.4,103.2,1.4,2.4
2024-08-22 16:00:00,89.2,22.2,60.1,639.6,103.6,1.8,2.8
2024-08-22 16:05:00,89.0,22.2,60.2,635.4,104.6,1.2,2.2
2024-08-22 16:10:00,89.2,22.1,60.3,630.2,101.0,1.6,2.6
2024-08-22 16:15:00,89.2,22.2,60.4,626.0,100.4,1.0,2.0
2024-08-22 16:20:00,89.0,22.2,60.5,619.8,100.4,1.4,2.4
2024-08-22 16:25:00,89.0,22.2,60.7,629.8,102.0,1.0,2.0
2024-08-22 16:30:00,88.2,22.3,60.9,662.0,109.0,1.0,2.0
2024-08-22 16:35:00,87.8,22.4,61.1,686.2,107.8,1.2,2.2
2024-08-22 16:40:00,87.4,22.4,61.2,709.8,105.8,1.0,2.0
2024-08-22 16:45:00,87.2,22.4,61.4,713.0,104.0,1.2,2.2
2024-08-22 16:50:00,87.0,22.4,61.6,727.0,104.0,1.2,2.2
2024-08-22 16:55:00,87.0,22.4,61.7,720.8,106.6,0.8,1.8
2024-08-22 17:00:00,87.0,22.4,61.8,724.8,107.0,0.8,1.8
2024-08-22 17:05:00,87.6,22.4,61.5,684.4,103.8,1.0,2.0
2024-08-22 17:10:00,88.0,22.4,61.6,643.0,103.2,0.8,1.8
2024-08-22 17:15:00,87.4,22.4,62.0,635.8,102.8,1.0,2.0
2024-08-22 17:20:00,87.2,22.4,62.2,649.2,97.8,1.0,2.0
2024-08-22 17:25:00,86.8,22.4,62.4,654.6,101.2,1.4,2.4
2024-08-22 17:30:00,86.0,22.3,62.8,641.2,99.0,0.8,1.8
2024-08-22 17:35:00,86.0,22.4,63.0,632.6,97.8,1.0,2.0
2024-08-22 17:40:00,85.6,22.4,63.3,628.8,98.2,1.2,2.2
2024-08-22 17:45:00,85.8,22.4,63.3,622.8,96.2,1.0,2.0
2024-08-22 17:50:00,85.4,22.5,63.2,632.0,98.8,1.4,2.4
2024-08-22 17:55:00,86.6,22.6,62.7,648.4,103.8,2.0,3.0
2024-08-22 18:00:00,87.6,22.6,62.2,619.0,99.8,1.4,2.4
2024-08-22 18:05:00,86.8,22.7,62.4,610.8,105.6,5.0,6.0
2024-08-22 18:10:00,87.4,22.6,62.5,594.2,98.8,2.6,3.6
2024-08-22 18:15:00,86.2,22.5,62.9,612.2,103.4,4.2,5.2
2024-08-22 18:20:00,82.8,22.5,62.6,617.4,99.2,17.4,18.6
2024-08-22 18:25:00,87.0,22.6,62.5,604.2,122.6,4.6,5.6
2024-08-22 18:30:00,88.8,22.5,61.8,572.6,110.6,3.0,4.0
2024-08-22 18:35:00,90.2,22.4,61.7,526.0,103.8,2.8,3.8
2024-08-22 18:40:00,91.0,22.4,61.8,494.0,96.2,2.6,3.6
2024-08-22 18:45:00,91.0,22.4,61.5,484.2,96.2,2.6,3.6
2024-08-22 18:50:00,91.0,22.4,61.4,466.8,93.8,2.6,3.6
2024-08-22 18:55:00,77.4,22.6,70.4,549.2,121.8,8.0,9.0
2024-08-22 19:00:00,74.3,22.7,72.9,582.3,133.7,7.3,8.3
2024-08-23 09:25:00,87.0,22.7,58.0,863.0,227.8,2.5,3.5
2024-08-23 09:30:00,87.6,22.8,57.9,832.2,217.0,3.4,4.4
2024-08-23 09:35:00,87.4,22.7,58.0,795.4,200.4,8.2,9.2
2024-08-23 09:40:00,88.0,22.8,57.9,794.2,199.0,3.8,4.8
2024-08-23 09:45:00,88.0,22.8,57.9,797.0,195.2,2.8,3.8
2024-08-23 09:50:00,88.0,22.8,58.0,793.6,185.6,3.2,4.2
2024-08-23 09:55:00,88.6,22.8,58.2,768.6,167.8,2.6,3.6
2024-08-23 10:00:00,89.0,22.8,58.2,755.0,162.4,3.0,4.0
2024-08-23 10:05:00,88.6,22.8,58.5,756.2,162.6,2.8,3.8
2024-08-23 10:10:00,88.0,22.7,58.6,776.2,157.8,2.4,3.4
2024-08-23 10:15:00,88.4,22.7,58.8,754.8,150.8,2.4,3.4
2024-08-23 10:20:00,89.0,22.7,58.7,722.8,149.2,2.2,3.2
2024-08-23 10:25:00,89.0,22.7,59.1,709.2,144.8,1.8,2.8
2024-08-23 10:30:00,89.0,22.7,59.3,702.6,141.2,2.2,3.2
2024-08-23 10:35:00,89.0,22.7,59.5,687.8,138.4,2.2,3.2
2024-08-23 10:40:00,89.0,22.7,59.8,686.8,139.2,1.6,2.6
2024-08-23 10:45:00,89.0,22.6,59.8,688.6,137.2,2.0,3.0
2024-08-23 10:50:00,89.0,22.7,59.9,672.8,136.8,2.0,3.0
2024-08-23 10:55:00,88.8,22.7,60.0,681.8,139.4,1.6,2.6
2024-08-23 11:00:00,88.2,22.7,60.1,682.5,136.0,1.5,2.5
2024-08-23 11:05:00,88.2,22.7,60.3,684.4,135.6,1.4,2.4
2024-08-23 11:10:00,88.0,22.7,60.7,684.6,138.2,1.4,2.4
2024-08-23 11:15:00,88.0,22.7,60.6,686.0,137.8,1.2,2.2
2024-08-23 11:20:00,88.0,22.7,60.6,665.8,137.4,1.2,2.2
2024-08-23 11:25:00,88.2,22.7,60.5,660.2,137.0,1.0,2.0
2024-08-23 11:30:00,88.0,22.7,60.8,652.0,137.6,1.2,2.2
2024-08-23 11:35:00,88.2,22.8,60.8,642.2,134.6,1.0,2.0
2024-08-23 11:40:00,88.6,22.8,60.8,627.4,132.8,1.0,2.0
2024-08-23 11:45:00,88.8,22.8,60.8,616.4,128.2,1.0,2.0
2024-08-23 11:50:00,89.0,22.8,60.8,601.2,123.0,1.2,2.2
2024-08-23 11:55:00,89.2,22.7,60.9,584.6,119.0,1.6,2.6
2024-08-23 12:00:00,89.8,22.7,61.0,565.6,115.6,2.0,3.0
2024-08-23 12:05:00,90.0,22.7,61.1,551.6,110.6,2.2,3.2
2024-08-23 12:10:00,90.2,22.7,61.1,540.6,108.6,4.0,5.0
2024-08-23 12:15:00,91.0,22.8,60.7,534.8,108.0,3.8,4.8
2024-08-23 12:20:00,91.0,22.7,60.8,532.4,108.6,4.6,5.6
2024-08-23 12:25:00,91.0,22.7,60.9,528.6,107.8,4.0,5.0
2024-08-23 12:30:00,91.0,22.6,60.8,525.2,103.2,4.4,5.4
2024-08-23 12:35:00,91.0,22.6,60.7,522.0,102.8,5.4,6.4
2024-08-23 12:40:00,92.0,22.5,60.4,516.8,95.0,5.2,6.2
2024-08-23 12:45:00,92.0,22.5,60.2,519.2,95.0,5.2,6.2
2024-08-23 12:50:00,90.6,22.6,59.8,597.0,104.2,5.4,6.4
2024-08-23 12:55:00,89.8,22.6,59.6,656.8,107.4,4.8,5.8
2024-08-23 13:00:00,90.0,22.5,59.5,623.4,102.8,4.8,5.8
2024-08-23 13:05:00,91.0,22.4,59.3,584.4,90.6,5.0,6.0
2024-08-23 13:10:00,92.0,22.4,59.1,546.4,89.4,3.6,4.6
2024-08-23 13:15:00,92.8,22.4,58.7,535.4,89.6,3.8,4.8
2024-08-23 13:20:00,92.2,22.4,58.7,547.0,93.4,3.4,4.4
2024-08-23 13:25:00,91.0,22.4,58.6,631.0,103.0,3.6,4.6
2024-08-23 13:30:00,90.8,22.4,58.4,648.2,103.8,3.0,4.0
2024-08-23 13:35:00,90.2,22.4,58.2,666.5,103.0,3.5,4.5
2024-08-23 13:40:00,91.0,22.4,58.1,650.8,100.2,3.0,4.0
2024-08-23 13:45:00,91.0,22.4,58.0,648.8,99.8,3.6,4.6
2024-08-23 13:50:00,91.0,22.4,57.8,653.0,100.6,2.8,3.8
2024-08-23 13:55:00,91.0,22.4,57.7,652.4,98.2,3.0,4.0
2024-08-23 14:00:00,91.4,22.3,57.5,635.8,94.0,2.2,3.2
2024-08-23 14:05:00,91.2,22.4,57.4,637.0,98.0,2.0,3.0
2024-08-23 14:10:00,92.0,22.2,57.6,600.5,85.8,2.2,3.2
2024-08-23 14:15:00,92.5,22.1,57.6,572.0,86.8,2.5,3.5
2024-08-23 14:20:00,93.0,22.2,57.5,568.6,87.4,2.2,3.2
2024-08-23 14:25:00,92.8,22.2,57.4,575.8,87.2,1.6,2.6
2024-08-23 14:30:00,92.2,22.3,57.2,597.2,97.8,1.4,2.4
2024-08-23 14:35:00,92.0,22.3,57.0,603.2,101.8,1.8,2.8
2024-08-23 14:40:00,92.0,22.3,56.8,604.6,97.4,1.2,2.2
2024-08-23 14:45:00,92.0,22.2,57.0,602.2,95.4,1.6,2.6
2024-08-23 14:50:00,92.0,22.2,57.0,600.4,90.6,1.8,2.8
2024-08-23 14:55:00,92.0,22.2,57.0,608.6,92.4,2.0,3.0
2024-08-23 15:00:00,92.0,22.1,56.7,604.0,92.0,1.4,2.4
2024-08-23 15:05:00,92.2,22.1,56.7,604.8,88.4,1.2,2.2
2024-08-23 15:10:00,93.0,22.1,56.5,599.8,87.2,1.2,2.2
2024-08-23 15:15:00,92.8,22.2,56.4,606.2,89.2,1.4,2.4
2024-08-23 15:20:00,92.0,22.2,56.4,648.4,90.2,2.4,3.4
2024-08-23 15:25:00,92.0,22.2,56.3,678.6,92.8,1.6,2.6
2024-08-23 15:30:00,92.0,22.2,56.4,669.2,91.2,1.6,2.6
2024-08-23 15:35:00,92.0,22.2,56.2,665.0,91.8,1.4,2.4
2024-08-23 15:40:00,92.0,22.1,56.2,673.4,89.0,1.6,2.6
2024-08-23 15:45:00,92.2,22.1,55.9,664.0,82.8,2.0,3.0
2024-08-23 15:50:00,93.0,22.1,55.8,618.2,80.4,2.2,3.2
2024-08-23 15:55:00,93.0,22.0,55.5,618.0,82.7,1.7,2.7
2024-08-23 16:00:00,93.2,22.0,55.6,597.4,75.0,1.6,2.6
2024-08-23 16:05:00,93.2,22.0,55.5,592.0,117.8,1.8,2.8
2024-08-23 16:10:00,94.0,22.1,55.1,589.4,108.0,2.2,3.2
2024-08-23 16:15:00,91.6,22.2,54.8,589.2,362.2,1.8,2.8
2024-08-23 16:20:00,93.6,22.2,54.3,587.0,216.2,1.8,2.8
2024-08-23 16:25:00,94.0,22.2,54.3,601.4,152.8,2.6,3.6
2024-08-23 16:30:00,94.0,22.1,54.0,616.8,134.4,1.8,2.8
2024-08-23 16:35:00,94.0,22.2,53.9,623.4,123.4,1.4,2.4
2024-08-23 16:40:00,94.0,22.1,53.8,622.8,110.0,2.0,3.0
2024-08-23 16:45:00,94.6,22.1,53.5,622.2,105.6,1.4,2.4
2024-08-23 16:50:00,95.0,22.1,53.3,622.8,99.2,1.8,2.8
2024-08-23 16:55:00,94.8,22.1,53.4,625.0,92.6,2.0,3.0
2024-08-23 17:00:00,95.0,22.1,53.2,629.0,91.8,2.0,3.0
2024-08-23 17:05:00,94.8,22.1,53.1,632.4,109.2,2.2,3.2
2024-08-23 17:10:00,94.4,22.0,53.3,628.2,149.2,1.8,2.8
2024-08-23 17:15:00,95.0,22.0,53.3,617.8,107.2,2.8,3.8
2024-08-23 17:20:00,95.0,22.0,53.3,615.4,97.0,2.2,3.2
2024-08-23 17:25:00,95.0,22.0,53.2,621.2,91.4,2.0,3.0
2024-08-23 17:30:00,95.0,22.0,53.2,619.4,86.0,2.4,3.4
2024-08-23 17:35:00,95.0,22.0,53.1,621.6,81.2,2.0,3.0
2024-08-23 17:40:00,95.0,22.0,53.2,617.0,75.0,2.0,3.0
2024-08-24 04:15:00,100.0,22.8,48.8,487.0,81.0,4.0,5.0
2024-08-24 04:20:00,100.0,22.6,48.7,491.2,62.8,5.2,6.2
2024-08-24 04:25:00,99.4,22.4,48.8,508.2,46.0,6.4,7.4
2024-08-24 04:30:00,100.0,22.4,48.7,504.2,38.8,6.0,7.0
2024-08-24 04:35:00,86.6,22.4,48.5,524.8,45.0,132.4,135.0
2024-08-24 04:40:00,99.0,22.4,48.4,532.4,43.0,5.4,6.4
2024-08-24 04:45:00,98.6,22.4,48.4,526.6,35.8,6.6,7.6
2024-08-24 04:50:00,99.0,22.2,49.2,514.8,36.0,7.0,8.0
2024-08-24 04:55:00,100.0,22.2,49.3,497.2,32.6,5.2,6.2
2024-08-24 05:00:00,100.0,22.1,49.8,486.6,26.8,6.0,7.0
2024-08-24 05:05:00,100.0,22.1,49.8,480.8,24.4,6.8,7.8
2024-08-24 05:10:00,100.0,22.0,50.1,472.4,23.4,5.4,6.4
2024-08-24 05:15:00,99.6,22.0,50.1,471.6,25.4,6.2,7.2
2024-08-24 05:20:00,99.4,21.9,50.4,475.4,23.0,5.4,6.4
2024-08-24 05:25:00,99.4,21.8,50.5,466.8,20.0,4.6,5.6
2024-08-24 05:30:00,99.0,21.7,50.7,454.8,20.0,5.6,6.6
2024-08-24 05:35:00,99.0,21.7,50.7,448.8,20.0,5.2,6.2
2024-08-24 05:40:00,98.8,21.8,50.7,453.0,20.0,5.2,6.2
2024-08-24 05:45:00,99.0,21.7,50.8,458.4,20.0,5.8,6.8
2024-08-24 05:50:00,98.4,21.7,50.6,459.6,20.0,8.4,9.4
2024-08-24 05:55:00,99.0,21.7,50.8,466.4,22.2,5.4,6.4
2024-08-24 06:00:00,99.0,21.7,50.8,462.0,21.6,4.6,5.6
2024-08-24 06:05:00,99.0,21.6,51.0,456.4,20.4,5.0,6.0
2024-08-24 06:10:00,96.8,21.4,51.6,454.4,20.0,13.8,15.0
2024-08-24 06:15:00,99.0,21.4,51.6,448.8,20.0,3.6,4.6
2024-08-24 06:20:00,99.0,21.6,51.4,444.2,21.0,4.0,5.0
2024-08-24 06:25:00,98.8,21.5,51.8,450.8,20.6,4.8,5.8
2024-08-24 06:30:00,67.4,21.5,52.0,460.2,12244.2,7.0,8.0
2024-08-24 06:35:00,64.8,21.6,52.0,459.0,13882.2,6.8,7.8
2024-08-24 06:40:00,74.6,21.5,52.1,464.8,8029.8,6.4,7.4
2024-08-24 06:45:00,78.2,21.5,52.1,466.2,5032.6,7.8,8.8
2024-08-24 06:50:00,81.8,21.5,52.2,471.0,3223.2,6.2,7.2
2024-08-24 06:55:00,89.8,21.5,52.1,469.2,1941.0,4.2,5.2
2024-08-24 07:00:00,91.2,21.5,52.2,466.2,1447.0,4.6,5.6
2024-08-24 07:05:00,92.6,21.5,52.2,465.8,1035.4,5.4,6.4
2024-08-24 07:10:00,93.4,21.4,52.3,468.6,766.2,4.6,5.6
2024-08-24 07:15:00,94.0,21.4,52.1,464.2,612.4,4.0,5.0
2024-08-24 07:20:00,94.2,21.5,52.3,468.0,534.8,4.6,5.6
2024-08-24 07:25:00,95.0,21.4,52.7,467.8,389.8,4.2,5.2
2024-08-24 07:30:00,95.0,21.4,52.8,461.4,359.4,3.6,4.6
2024-08-24 07:35:00,95.6,21.4,53.1,459.8,316.2,4.0,5.0
2024-08-24 07:40:00,95.2,21.5,53.0,462.4,335.0,5.2,6.2
2024-08-24 07:45:00,96.0,21.5,53.2,467.2,294.4,5.0,6.0
2024-08-24 07:50:00,96.0,21.6,53.1,472.2,300.2,4.4,5.4
2024-08-24 07:55:00,96.0,21.5,53.4,472.4,253.0,4.2,5.2
2024-08-24 08:00:00,96.0,21.4,53.9,468.6,220.8,5.0,6.0
2024-08-24 08:05:00,96.0,21.5,53.7,471.2,223.2,4.4,5.4
2024-08-24 08:10:00,96.0,21.4,54.0,469.0,167.2,4.2,5.2
2024-08-24 08:15:00,96.0,21.3,54.4,462.6,146.4,4.4,5.4
2024-08-24 08:20:00,94.8,21.3,54.4,466.0,147.8,10.8,12.0
2024-08-24 08:25:00,96.0,21.3,54.5,473.0,155.8,5.6,6.6
2024-08-24 08:30:00,96.0,21.3,54.8,476.0,144.8,4.2,5.2
2024-08-24 08:35:00,94.8,21.3,54.8,473.0,164.0,9.0,10.0
2024-08-24 08:40:00,95.0,21.5,54.5,493.0,239.6,4.8,5.8
2024-08-24 08:45:00,95.0,21.6,54.0,514.0,269.4,3.6,4.6
2024-08-24 08:50:00,94.2,21.7,54.0,531.0,283.2,3.6,4.6
2024-08-24 08:55:00,94.0,21.7,54.1,549.2,290.8,3.0,4.0
2024-08-24 09:00:00,93.0,21.8,54.0,569.0,305.6,2.6,3.6
2024-08-24 09:05:00,93.0,21.8,54.0,581.8,309.6,3.0,4.0
2024-08-24 09:10:00,92.6,21.9,54.1,594.4,307.8,3.0,4.0
2024-08-24 09:15:00,92.0,21.9,54.1,614.8,311.4,3.2,4.2
2024-08-24 09:20:00,92.0,21.9,54.2,622.0,311.8,2.6,3.6
2024-08-24 09:25:00,92.0,21.9,54.2,628.6,311.2,2.6,3.6
2024-08-24 09:30:00,92.0,21.9,54.4,637.4,308.2,2.6,3.6
2024-08-24 09:35:00,91.6,21.9,54.4,644.2,309.6,4.0,5.0
2024-08-24 09:40:00,91.0,22.0,54.6,666.0,309.6,5.0,6.0
2024-08-24 09:45:00,87.0,22.1,55.3,948.0,350.8,4.6,5.6
2024-08-24 09:50:00,85.6,22.0,55.5,914.6,517.0,3.0,4.0
2024-08-24 09:55:00,86.8,22.0,55.5,890.6,386.4,2.8,3.8
2024-08-24 10:00:00,87.0,22.0,55.4,884.0,374.6,2.4,3.4
2024-08-24 10:05:00,87.0,22.0,55.6,876.6,360.4,2.6,3.6
2024-08-24 10:10:00,87.8,22.1,55.5,854.6,354.8,3.2,4.2
2024-08-24 10:15:00,88.0,22.1,55.5,830.6,335.6,2.6,3.6
2024-08-24 10:20:00,88.2,22.1,55.5,808.6,330.2,2.8,3.8
2024-08-24 10:25:00,88.4,22.1,55.6,806.2,326.0,3.2,4.2
2024-08-24 10:30:00,88.8,22.1,55.7,795.2,317.8,3.2,4.2
2024-08-24 10:35:00,89.0,22.1,55.6,787.8,310.4,3.0,4.0
2024-08-24 10:40:00,89.0,22.1,55.7,773.4,305.8,3.4,4.4
2024-08-24 10:45:00,89.0,22.1,55.7,777.8,296.4,3.4,4.4
2024-08-24 10:50:00,89.0,22.1,55.8,775.4,292.6,3.4,4.4
2024-08-24 10:55:00,89.0,22.2,55.7,768.4,282.8,3.0,4.0
2024-08-24 11:00:00,89.0,22.1,55.9,767.8,284.4,3.0,4.0
2024-08-24 11:05:00,89.0,22.1,55.9,762.6,286.0,3.0,4.0
2024-08-24 11:10:00,89.0,22.1,55.8,767.8,279.6,2.6,3.6
2024-08-24 11:15:00,90.0,22.2,56.0,711.6,257.8,3.0,4.0
2024-08-24 11:20:00,90.6,22.2,56.0,671.0,257.0,2.6,3.6
2024-08-24 11:25:00,90.8,22.1,56.2,667.8,242.6,2.6,3.6
2024-08-24 11:30:00,90.0,22.0,56.4,677.8,240.4,2.6,3.6
2024-08-24 11:35:00,90.0,22.0,56.3,686.0,246.0,2.8,3.8
2024-08-24 11:40:00,90.0,22.0,56.4,681.4,236.0,2.4,3.4
2024-08-24 11:45:00,90.0,22.0,56.3,679.2,239.8,2.6,3.6
2024-08-24 11:50:00,90.2,21.9,56.5,672.4,232.0,3.0,4.0
2024-08-24 11:55:00,90.6,21.9,56.5,664.4,229.0,2.4,3.4
2024-08-24 12:00:00,90.2,22.1,56.4,669.4,242.0,2.8,3.8
2024-08-24 12:05:00,90.0,22.1,56.2,693.4,252.0,3.0,4.0
2024-08-24 12:10:00,89.8,22.2,56.1,719.6,260.4,2.6,3.6
2024-08-24 12:15:00,90.0,22.2,56.2,731.6,257.0,3.0,4.0
2024-08-24 12:20:00,90.0,22.2,56.3,714.8,235.6,2.6,3.6
2024-08-24 12:25:00,90.0,22.2,56.3,694.4,230.2,2.4,3.4
2024-08-24 12:30:00,90.4,22.2,56.3,682.4,222.2,2.2,3.2
2024-08-24 12:35:00,91.0,22.2,56.4,671.6,219.4,2.2,3.2
2024-08-24 12:40:00,90.8,22.2,56.4,671.2,212.8,2.6,3.6
2024-08-24 12:45:00,91.0,22.2,56.4,670.6,213.6,2.0,3.0
2024-08-24 12:50:00,91.0,22.2,56.5,671.6,211.6,2.0,3.0
2024-08-24 12:55:00,91.0,22.1,56.6,671.6,209.0,2.0,3.0
2024-08-24 13:00:00,90.4,22.2,56.7,686.8,212.8,2.6,3.6
2024-08-24 13:05:00,89.2,22.2,56.9,741.6,219.2,2.0,3.0
2024-08-24 13:10:00,90.0,22.1,57.0,696.2,184.6,2.2,3.2
2024-08-24 13:15:00,90.6,22.1,57.0,673.6,181.2,2.2,3.2
2024-08-24 13:20:00,90.0,22.2,56.7,702.8,205.6,2.2,3.2
2024-08-24 13:25:00,90.0,22.3,56.7,741.8,199.6,2.4,3.4
2024-08-24 13:30:00,90.0,22.2,56.7,712.4,187.0,2.2,3.2
2024-08-24 13:35:00,90.0,22.2,56.8,695.0,188.2,2.2,3.2
2024-08-24 13:40:00,90.8,22.2,56.6,685.8,183.0,2.6,3.6
2024-08-24 13:45:00,90.4,22.2,56.6,696.0,189.6,2.6,3.6
2024-08-24 13:50:00,90.0,22.2,56.6,718.4,195.2,2.6,3.6
2024-08-24 13:55:00,90.0,22.2,56.6,721.0,188.6,2.6,3.6
2024-08-24 14:00:00,90.2,22.2,56.6,715.8,188.2,2.2,3.2
2024-08-24 14:05:00,89.6,22.2,56.6,760.0,196.6,2.0,3.0
2024-08-24 14:10:00,89.8,22.2,56.7,755.6,180.2,2.6,3.6
2024-08-24 14:15:00,90.0,22.3,56.5,755.0,181.4,2.2,3.2
2024-08-24 14:20:00,90.0,22.3,56.4,763.2,172.8,3.0,4.0
2024-08-24 14:25:00,90.0,22.2,56.5,729.5,170.0,2.5,3.5
2024-08-24 14:30:00,89.8,22.3,56.4,734.8,206.8,2.8,3.8
2024-08-24 14:35:00,89.8,22.2,56.3,740.0,228.2,2.8,3.8
2024-08-24 14:40:00,90.2,22.2,56.3,726.4,181.6,2.8,3.8
2024-08-24 14:45:00,90.4,22.3,56.2,732.0,174.0,2.8,3.8
2024-08-24 14:50:00,90.0,22.3,56.3,751.2,176.8,2.8,3.8
2024-08-24 14:55:00,90.0,22.2,56.4,751.0,170.5,3.0,4.0
2024-08-24 15:00:00,90.0,22.2,56.4,744.8,165.4,3.2,4.2
2024-08-24 15:05:00,90.2,22.2,56.4,738.4,162.2,2.6,3.6
2024-08-24 15:10:00,90.5,22.2,56.4,732.0,159.5,2.5,3.5
2024-08-24 15:15:00,90.0,22.3,56.4,750.0,164.6,2.8,3.8
2024-08-24 15:20:00,90.0,22.2,56.4,765.2,165.2,2.6,3.6
2024-08-24 15:25:00,90.4,22.2,56.3,751.2,156.0,2.8,3.8
2024-08-24 15:30:00,91.0,22.2,56.3,720.2,151.2,2.8,3.8
2024-08-24 15:35:00,91.0,22.2,56.3,713.8,148.4,2.4,3.4
2024-08-24 15:40:00,91.0,22.2,56.5,711.0,145.8,2.4,3.4
2024-08-24 15:45:00,91.0,22.2,56.5,706.4,143.6,2.2,3.2
2024-08-24 15:50:00,91.0,22.2,56.5,701.4,142.4,2.2,3.2
2024-08-24 15:55:00,91.0,22.2,56.5,693.8,138.0,2.6,3.6
2024-08-24 16:00:00,91.0,22.2,56.5,696.2,138.8,2.2,3.2
2024-08-24 16:05:00,91.0,22.1,56.6,704.2,136.8,2.2,3.2
2024-08-24 16:10:00,91.0,22.0,56.9,686.0,130.6,2.0,3.0
2024-08-24 16:15:00,91.0,22.0,57.0,676.0,130.4,2.8,3.8
2024-08-24 16:20:00,91.0,21.9,57.1,680.2,129.2,2.2,3.2
2024-08-24 16:25:00,91.0,21.9,57.1,685.6,129.8,1.6,2.6
2024-08-24 16:30:00,90.4,22.2,57.0,710.0,137.2,2.0,3.0
2024-08-24 16:35:00,90.0,22.2,56.7,735.4,137.2,2.0,3.0
2024-08-24 16:40:00,90.8,22.2,56.5,728.4,133.2,1.8,2.8
2024-08-24 16:45:00,91.0,22.1,56.6,708.8,127.2,1.5,2.5
2024-08-24 16:50:00,91.0,22.1,56.5,692.8,126.4,1.8,2.8
2024-08-24 16:55:00,91.0,22.1,56.6,686.6,128.6,2.0,3.0
2024-08-24 17:00:00,91.0,22.2,56.4,707.8,134.8,1.4,2.4
2024-08-24 17:05:00,89.0,22.3,56.5,859.6,138.4,1.4,2.4
2024-08-24 17:10:00,89.2,22.2,56.4,853.2,137.4,1.4,2.4
2024-08-24 17:15:00,91.0,22.1,56.5,719.4,127.2,1.8,2.8
2024-08-24 17:20:00,91.0,22.0,56.5,688.4,127.6,1.8,2.8
2024-08-24 17:25:00,91.0,22.1,56.7,681.2,128.8,1.4,2.4
2024-08-24 17:30:00,91.0,22.0,56.7,675.8,130.8,1.0,2.0
2024-08-24 17:35:00,91.0,22.1,56.7,678.4,130.6,1.8,2.8
2024-08-24 17:40:00,91.0,22.1,56.8,680.2,130.2,1.4,2.4
2024-08-24 17:45:00,91.0,22.2,56.9,685.0,134.0,1.5,2.5
2024-08-25 09:55:00,91.0,22.2,53.4,791.0,283.0,4.0,5.0
2024-08-25 10:00:00,91.0,22.1,53.5,788.4,284.6,3.0,4.0
2024-08-25 10:05:00,91.0,22.1,53.4,787.8,286.6,3.4,4.4
2024-08-25 10:10:00,91.0,22.1,53.4,791.6,277.4,2.8,3.8
2024-08-25 10:15:00,91.0,22.1,53.2,791.6,274.4,2.4,3.4
2024-08-25 10:20:00,91.0,22.1,53.3,788.6,274.8,2.8,3.8
2024-08-25 10:25:00,91.0,22.0,53.3,790.0,269.4,3.0,4.0
2024-08-25 10:30:00,91.0,22.0,53.2,798.0,263.4,2.6,3.6
2024-08-25 10:35:00,91.0,22.0,53.2,792.2,262.0,2.4,3.4
2024-08-25 10:40:00,91.0,22.0,53.4,805.4,260.2,2.6,3.6
2024-08-25 10:45:00,91.0,22.0,53.5,802.8,255.4,2.4,3.4
2024-08-25 10:50:00,90.6,21.9,53.8,807.4,251.6,2.2,3.2
2024-08-25 10:55:00,90.4,22.0,54.0,805.4,246.0,2.6,3.6
2024-08-25 11:00:00,90.4,21.9,54.2,796.6,241.0,2.4,3.4
2024-08-25 11:05:00,90.8,22.0,54.1,793.8,240.2,2.8,3.8
2024-08-25 11:10:00,90.4,22.1,54.1,798.2,242.8,2.8,3.8
2024-08-25 11:15:00,91.4,22.1,53.5,769.4,236.6,2.8,3.8
2024-08-25 11:20:00,91.0,22.1,53.3,784.0,245.2,2.4,3.4
2024-08-25 11:25:00,91.4,22.1,53.0,791.6,232.6,2.4,3.4
2024-08-25 11:30:00,92.0,22.1,52.7,774.4,221.4,2.4,3.4
2024-08-25 11:35:00,92.6,22.0,52.5,758.8,214.6,3.2,4.2
2024-08-25 11:40:00,93.0,22.1,52.3,738.2,209.4,2.6,3.6
2024-08-25 11:45:00,93.0,22.1,52.1,728.0,205.8,2.2,3.2
2024-08-25 11:50:00,92.2,22.0,52.2,722.0,307.0,2.8,3.8
2024-08-25 11:55:00,92.0,21.9,52.2,728.2,299.8,2.2,3.2
2024-08-25 12:00:00,93.0,21.9,52.1,722.6,274.6,2.6,3.6
2024-08-25 12:05:00,93.0,21.9,52.0,719.6,261.0,2.0,3.0
2024-08-25 12:10:00,93.0,21.9,51.9,715.0,250.6,2.0,3.0
2024-08-25 12:15:00,93.0,21.9,51.8,715.0,248.6,2.4,3.4
2024-08-25 12:20:00,93.0,21.9,51.7,716.2,238.0,2.4,3.4
2024-08-25 12:25:00,93.4,21.9,51.6,716.8,231.0,2.6,3.6
2024-08-25 12:30:00,94.0,21.8,51.6,710.0,219.2,2.4,3.4
2024-08-25 12:35:00,94.0,21.9,51.5,706.2,213.2,2.2,3.2
2024-08-25 12:40:00,94.0,21.8,51.4,714.0,212.0,2.6,3.6
2024-08-25 12:45:00,94.0,21.8,51.4,712.6,205.2,2.2,3.2
2024-08-25 12:50:00,94.0,21.9,51.3,712.0,206.2,2.4,3.4
2024-08-25 12:55:00,94.0,21.9,51.3,715.2,213.4,2.6,3.6
2024-08-25 13:00:00,92.8,22.0,51.1,731.0,341.2,2.8,3.8
2024-08-25 13:05:00,93.0,22.0,51.0,727.0,298.0,2.8,3.8
2024-08-25 13:10:00,93.4,22.0,50.8,735.0,269.4,2.4,3.4
2024-08-25 13:15:00,93.0,21.9,51.2,743.0,259.8,2.6,3.6
2024-08-25 13:20:00,93.0,21.8,51.2,747.8,294.6,2.2,3.2
2024-08-25 13:25:00,93.0,21.8,51.1,734.0,283.0,2.8,3.8
2024-08-25 13:30:00,91.4,21.7,51.0,724.0,456.8,2.6,3.6
2024-08-25 13:35:00,92.8,21.8,51.2,722.0,342.6,2.2,3.2
2024-08-25 13:40:00,93.0,21.7,51.2,725.8,320.6,3.0,4.0
2024-08-25 13:45:00,93.0,21.7,51.3,738.6,303.6,2.6,3.6
2024-08-25 13:50:00,93.0,21.7,51.2,737.6,287.8,2.6,3.6
2024-08-25 13:55:00,92.8,21.8,51.3,754.8,290.8,2.0,3.0
2024-08-25 14:00:00,92.8,21.9,51.2,771.8,282.0,2.0,3.0
2024-08-25 14:05:00,92.2,21.9,51.2,788.2,278.4,2.8,3.8
2024-08-25 14:10:00,92.6,21.8,51.3,787.2,267.0,2.2,3.2
2024-08-25 14:15:00,93.0,21.8,51.2,791.0,256.0,2.8,3.8
2024-08-25 14:20:00,92.6,21.8,51.3,797.6,252.2,2.2,3.2
2024-08-25 14:25:00,93.0,21.8,51.5,790.0,237.2,2.4,3.4
2024-08-25 14:30:00,91.8,21.7,51.7,796.4,339.2,2.4,3.4
2024-08-25 14:35:00,87.4,21.9,51.9,891.0,836.2,3.0,4.0
2024-08-25 14:40:00,88.0,21.9,51.8,908.2,591.8,2.4,3.4
2024-08-25 14:45:00,88.2,21.9,51.8,941.2,486.4,2.6,3.6
2024-08-25 14:50:00,89.4,21.9,51.7,908.8,405.2,2.2,3.2
2024-08-25 14:55:00,90.2,21.9,51.9,867.5,338.5,2.2,3.2
2024-08-25 15:00:00,91.0,21.8,51.9,840.0,304.8,2.2,3.2
2024-08-25 15:05:00,90.6,21.9,51.7,796.6,405.4,2.4,3.4
2024-08-25 15:10:00,92.6,21.9,51.7,747.2,301.6,2.6,3.6
2024-08-25 15:15:00,93.0,21.9,51.6,723.2,267.6,2.2,3.2
2024-08-25 15:20:00,92.0,22.1,51.4,799.6,269.6,2.2,3.2
2024-08-25 15:25:00,90.8,22.1,51.4,791.2,453.0,2.4,3.4
2024-08-25 15:30:00,92.6,22.1,51.1,745.6,309.2,2.6,3.6
2024-08-25 15:35:00,94.0,22.1,50.8,727.6,235.4,2.4,3.4
2024-08-25 15:40:00,94.6,22.1,50.9,701.0,198.2,2.6,3.6
2024-08-25 15:45:00,95.5,22.1,50.6,675.2,170.0,2.5,3.5
2024-08-25 15:50:00,96.0,22.1,50.6,660.6,156.8,2.2,3.2
2024-08-25 15:55:00,96.0,22.0,50.7,651.6,149.6,2.4,3.4
2024-08-25 16:00:00,95.6,22.1,50.7,667.8,148.8,2.0,3.0
2024-08-25 16:05:00,96.0,22.0,50.5,668.4,132.4,3.4,4.4
2024-08-25 16:10:00,96.0,21.9,50.8,669.0,136.8,3.0,4.0
2024-08-25 16:15:00,95.4,22.0,50.9,690.6,130.4,2.4,3.4
2024-08-25 16:20:00,95.0,22.0,51.0,710.2,129.4,2.0,3.0
2024-08-25 16:25:00,95.0,22.0,51.1,720.0,126.2,2.2,3.2
2024-08-25 16:30:00,95.0,22.0,51.0,715.2,121.2,2.6,3.6
2024-08-25 16:35:00,95.0,22.0,51.0,711.0,115.2,2.0,3.0
2024-08-25 16:40:00,95.0,21.9,51.0,701.2,112.0,2.4,3.4
2024-08-25 16:45:00,95.8,21.9,51.0,690.0,111.2,2.6,3.6
2024-08-25 16:50:00,96.0,21.9,51.0,677.6,107.4,2.6,3.6
2024-08-25 16:55:00,96.0,21.9,50.6,672.2,108.0,2.4,3.4
2024-08-25 17:00:00,96.0,21.9,50.6,655.4,103.4,2.6,3.6
2024-08-25 17:05:00,96.0,22.0,50.6,656.4,100.8,2.2,3.2
2024-08-25 17:10:00,96.8,21.9,50.5,633.0,93.0,2.4,3.4
2024-08-25 17:15:00,97.0,21.9,50.5,606.2,89.6,1.8,2.8
2024-08-25 17:20:00,97.0,21.9,50.5,600.0,90.8,2.0,3.0
2024-08-25 17:25:00,97.0,21.9,50.4,593.4,86.4,2.2,3.2
2024-08-25 17:30:00,98.0,21.9,50.4,578.2,80.8,2.0,3.0
2024-08-25 17:35:00,98.0,21.9,50.3,578.6,78.2,2.2,3.2
2024-08-25 17:40:00,98.0,21.9,50.3,580.4,77.0,2.2,3.2
2024-08-25 17:45:00,98.0,21.9,50.2,574.6,75.4,2.0,3.0
2024-08-25 17:50:00,98.0,22.0,50.2,578.6,73.4,2.2,3.2
2024-08-25 17:55:00,97.2,22.1,50.5,614.4,82.0,2.0,3.0
2024-08-25 18:00:00,97.0,22.0,50.4,638.2,78.4,2.6,3.6
2024-08-25 18:05:00,97.0,22.1,50.2,643.4,77.2,2.6,3.6
2024-08-25 18:10:00,97.0,22.1,50.2,647.6,77.2,2.2,3.2
2024-08-25 18:15:00,97.0,22.1,50.1,660.2,75.8,2.8,3.8
2024-08-25 18:20:00,97.0,22.0,50.1,648.6,71.8,2.2,3.2
2024-08-25 18:25:00,97.6,21.9,50.0,600.2,65.8,2.0,3.0
2024-08-25 18:30:00,97.4,22.1,50.1,596.6,70.8,2.6,3.6
2024-08-25 18:35:00,97.0,22.1,50.1,619.8,73.8,2.4,3.4
2024-08-25 18:40:00,97.0,22.1,49.8,625.2,70.4,2.0,3.0
2024-08-25 18:45:00,97.0,22.2,49.6,626.0,67.4,2.6,3.6
2024-08-25 18:50:00,97.0,22.1,49.8,627.2,67.4,1.8,2.8
2024-08-25 18:55:00,97.4,21.9,50.0,603.8,65.8,2.2,3.2
2024-08-25 19:00:00,97.2,22.0,50.1,608.0,68.0,2.2,3.2
2024-08-25 19:05:00,94.6,22.0,50.1,612.6,363.0,2.4,3.4
2024-08-25 19:10:00,96.2,22.0,50.0,619.0,205.8,2.4,3.4
2024-08-25 19:15:00,95.4,22.0,50.1,617.4,310.4,3.0,4.0
2024-08-25 19:20:00,95.8,22.1,50.2,639.0,223.2,3.2,4.2
2024-08-25 19:25:00,96.0,22.0,50.2,653.8,158.8,2.4,3.4
2024-08-25 19:30:00,96.2,22.0,50.1,643.4,139.2,2.8,3.8
2024-08-25 19:35:00,96.0,22.0,50.2,640.4,173.2,3.2,4.2
2024-08-25 19:40:00,96.0,22.1,50.2,649.4,149.8,4.0,5.0
2024-08-25 19:45:00,97.0,22.1,50.0,641.6,126.0,2.6,3.6
2024-08-25 19:50:00,97.0,22.2,49.8,638.0,120.2,3.2,4.2
2024-08-25 19:55:00,97.2,22.2,49.4,617.4,101.4,2.6,3.6
2024-08-25 20:00:00,98.4,22.2,49.1,564.4,86.6,2.8,3.8
2024-08-25 20:05:00,99.2,22.2,48.9,524.8,73.8,3.4,4.4
2024-08-25 20:10:00,99.4,22.1,49.2,491.2,100.0,7.2,8.2
2024-08-25 20:15:00,98.8,22.1,49.7,470.2,150.6,7.8,8.8
2024-08-25 20:20:00,99.0,22.1,49.9,455.2,145.2,6.4,7.4
2024-08-25 20:25:00,99.0,22.2,50.1,444.0,145.2,6.0,7.0
2024-08-25 20:30:00,99.0,22.2,50.3,433.6,130.4,5.4,6.4
2024-08-25 20:35:00,99.2,22.2,50.2,425.8,115.5,4.5,5.5
2024-08-26 02:45:00,95.6,22.0,53.6,571.0,70.4,3.6,4.6
2024-08-26 02:50:00,96.4,21.9,53.6,534.2,66.6,3.0,4.0
2024-08-26 02:55:00,87.4,22.1,53.7,552.6,80.6,36.8,38.2
2024-08-26 03:00:00,95.0,22.1,53.8,603.4,86.0,4.6,5.6
2024-08-26 03:05:00,94.2,22.1,54.0,620.2,87.4,3.6,4.6
2024-08-26 03:10:00,93.4,22.1,54.2,666.0,89.2,6.4,7.4
2024-08-26 03:15:00,93.4,22.1,54.2,678.6,84.6,4.2,5.2
2024-08-26 03:20:00,92.4,22.1,54.7,715.2,87.4,4.2,5.2
2024-08-26 03:25:00,90.8,22.1,54.9,816.8,93.2,5.6,6.6
2024-08-26 03:30:00,91.0,22.0,55.7,753.6,103.0,5.2,6.2
2024-08-26 03:35:00,90.6,22.0,56.0,738.6,108.6,7.2,8.2
2024-08-26 03:40:00,90.8,22.1,56.1,764.0,112.2,6.8,7.8
2024-08-26 03:45:00,90.2,22.0,56.4,760.0,117.2,8.6,9.6
2024-08-26 03:50:00,91.0,21.9,56.5,722.2,105.6,5.6,6.6
2024-08-26 03:55:00,90.8,22.1,55.9,687.6,105.8,10.0,11.0
2024-08-26 04:00:00,88.6,22.1,56.1,699.0,116.2,17.0,18.2
2024-08-26 04:05:00,92.0,21.9,56.3,673.0,106.2,6.2,7.2
2024-08-26 04:10:00,92.2,21.9,56.3,629.6,108.0,5.0,6.0
2024-08-26 04:15:00,92.8,21.9,56.3,589.4,110.2,5.4,6.4
2024-08-26 04:20:00,92.6,21.9,56.3,555.2,108.0,11.8,13.0
2024-08-26 04:25:00,93.8,22.1,56.1,557.8,118.6,5.4,6.4
2024-08-26 04:30:00,92.2,22.0,56.6,596.6,123.8,6.4,7.4
2024-08-26 04:35:00,92.0,21.8,56.9,611.8,121.4,5.2,6.2
2024-08-26 04:40:00,91.4,22.1,57.1,642.6,125.2,5.0,6.0
2024-08-26 04:45:00,90.6,22.1,56.9,713.0,126.8,6.4,7.4
2024-08-26 04:50:00,90.2,22.0,57.0,725.2,125.6,6.2,7.2
2024-08-26 04:55:00,89.8,22.1,56.5,758.2,126.2,8.0,9.0
2024-08-26 05:00:00,89.8,22.2,56.3,764.0,128.4,9.4,10.4
2024-08-26 05:05:00,90.8,22.2,56.1,759.6,124.6,5.0,6.0
2024-08-26 05:10:00,87.5,22.3,56.1,753.0,129.5,19.0,20.5
2024-08-26 10:55:00,86.6,22.0,59.6,834.2,146.2,9.0,10.0
2024-08-26 11:00:00,86.6,22.0,59.5,810.0,145.6,9.6,10.6
2024-08-26 11:05:00,86.6,22.1,59.4,816.0,147.6,9.4,10.4
2024-08-26 11:10:00,86.4,22.0,59.3,844.8,146.8,9.0,10.0
2024-08-26 11:15:00,87.4,21.9,59.3,753.2,130.8,9.6,10.6
2024-08-26 11:20:00,87.6,21.8,59.3,724.4,130.6,10.2,11.2
2024-08-26 11:25:00,87.8,21.9,59.2,719.6,129.2,10.0,11.0
2024-08-26 11:30:00,87.8,21.9,59.5,739.2,128.4,9.6,10.6
2024-08-26 11:35:00,86.8,22.1,59.2,792.0,148.2,10.4,11.4
2024-08-26 11:40:00,86.2,22.1,59.0,854.6,171.8,9.2,10.2
2024-08-26 11:45:00,85.6,22.2,59.0,881.2,153.2,10.0,11.0
2024-08-26 11:50:00,86.2,22.2,58.9,904.4,151.8,8.8,9.8
2024-08-26 11:55:00,86.6,22.2,58.5,881.8,142.8,9.2,10.2
2024-08-26 12:00:00,88.2,22.1,58.3,769.2,129.4,9.4,10.4
2024-08-26 12:05:00,89.0,22.1,58.4,723.8,124.6,8.6,9.6
2024-08-26 12:10:00,89.2,22.1,58.3,706.0,123.4,9.0,10.0
2024-08-26 12:15:00,89.2,22.1,58.3,697.5,121.0,8.8,9.8
2024-08-26 12:20:00,89.4,22.0,58.4,698.2,121.6,8.8,9.8
2024-08-26 12:25:00,89.8,22.0,58.5,696.4,118.2,8.2,9.2
2024-08-26 12:30:00,89.6,22.1,58.3,688.4,116.0,8.8,9.8
2024-08-26 12:35:00,89.0,22.0,58.9,696.4,120.8,8.8,9.8
2024-08-26 12:40:00,88.4,21.8,59.4,728.2,122.4,8.4,9.4
2024-08-26 12:45:00,88.8,21.8,59.1,716.6,119.8,8.2,9.2
2024-08-26 12:50:00,89.0,21.8,59.0,708.4,116.8,8.0,9.0
2024-08-26 12:55:00,89.6,21.8,59.0,688.2,113.6,8.0,9.0
2024-08-26 13:00:00,90.0,21.9,58.8,686.8,112.4,7.8,8.8
2024-08-26 13:05:00,90.0,21.8,58.8,678.8,111.0,7.4,8.4
2024-08-26 13:10:00,90.0,21.8,58.8,674.8,110.2,7.2,8.2
2024-08-26 13:15:00,90.0,21.9,58.6,668.0,108.4,7.6,8.6
2024-08-26 13:20:00,90.0,21.9,58.6,675.4,108.2,6.8,7.8
2024-08-26 13:25:00,90.0,21.9,58.4,677.2,106.4,7.0,8.0
2024-08-26 13:30:00,90.0,21.9,58.2,678.6,106.6,6.2,7.2
2024-08-26 13:35:00,90.4,21.9,58.1,671.0,106.8,6.0,7.0
2024-08-26 13:40:00,90.8,21.9,58.0,673.2,105.0,5.8,6.8
2024-08-26 13:45:00,90.8,21.9,58.0,674.2,104.0,5.6,6.6
2024-08-26 13:50:00,91.0,21.9,57.8,675.0,103.4,6.2,7.2
2024-08-26 13:55:00,91.0,21.9,57.8,671.2,102.2,5.8,6.8
2024-08-26 14:00:00,90.8,22.0,57.8,679.8,103.2,6.6,7.6
2024-08-26 14:05:00,90.8,22.0,57.4,700.6,102.8,5.6,6.6
2024-08-26 14:10:00,90.8,22.0,57.1,718.0,99.6,5.8,6.8
2024-08-26 14:15:00,91.0,22.1,56.9,711.0,98.8,6.0,7.0
2024-08-26 14:20:00,91.0,21.9,57.2,693.8,98.2,5.6,6.6
2024-08-26 14:25:00,91.0,21.9,57.3,685.4,99.6,5.4,6.4
2024-08-26 14:30:00,91.0,21.9,57.3,691.6,100.8,5.6,6.6
2024-08-26 14:35:00,91.0,21.9,57.1,692.0,99.0,5.6,6.6
2024-08-26 14:40:00,91.0,21.9,57.0,692.8,97.6,5.2,6.2
2024-08-26 14:45:00,91.0,21.9,56.9,689.0,98.4,5.0,6.0
2024-08-26 14:50:00,91.0,21.9,56.8,689.8,97.6,4.8,5.8
2024-08-26 14:55:00,91.0,21.8,56.9,689.4,95.4,4.8,5.8
2024-08-26 15:00:00,91.0,21.8,57.0,692.8,95.2,4.8,5.8
2024-08-26 15:05:00,91.0,21.7,57.3,695.8,95.6,5.0,6.0
2024-08-26 15:10:00,91.0,21.8,57.2,696.2,96.0,5.4,6.4
2024-08-26 15:15:00,91.0,21.7,57.2,695.6,95.4,5.0,6.0
2024-08-26 15:20:00,90.0,21.9,57.1,749.2,117.6,5.0,6.0
2024-08-26 15:25:00,90.2,21.9,56.9,749.4,102.6,4.6,5.6
2024-08-26 15:30:00,90.8,21.9,56.8,745.2,99.0,4.8,5.8
2024-08-26 15:35:00,91.0,21.9,56.8,733.8,97.4,5.0,6.0
2024-08-26 15:40:00,91.0,21.9,56.8,723.4,95.8,4.8,5.8
2024-08-26 15:45:00,91.0,21.9,56.7,711.8,94.6,4.8,5.8
2024-08-26 15:50:00,91.0,21.9,56.8,705.6,96.4,5.2,6.2
2024-08-26 15:55:00,91.0,21.7,56.9,700.0,93.0,5.2,6.2
2024-08-26 16:00:00,91.0,21.7,56.9,676.4,92.0,5.0,6.0
2024-08-26 16:05:00,91.8,21.7,56.8,660.6,90.4,5.0,6.0
2024-08-26 16:10:00,92.0,21.7,56.7,652.0,88.5,5.2,6.2
2024-08-26 16:15:00,92.0,21.7,56.7,648.0,86.4,5.0,6.0
2024-08-26 16:20:00,92.0,21.7,56.7,652.2,87.6,5.0,6.0
2024-08-26 16:25:00,92.0,21.6,56.7,645.2,85.4,5.8,6.8
2024-08-26 16:30:00,92.0,21.6,56.7,640.8,84.0,5.6,6.6
2024-08-26 16:35:00,92.0,21.6,56.7,634.0,83.0,5.2,6.2
2024-08-26 16:40:00,92.0,21.6,56.6,633.6,82.8,5.2,6.2
2024-08-26 16:45:00,91.8,21.8,56.4,642.0,134.6,5.4,6.4
2024-08-26 16:50:00,92.0,21.9,56.3,653.4,115.6,5.4,6.4
2024-08-26 16:55:00,92.0,21.9,56.2,663.4,105.2,5.4,6.4
2024-08-26 17:00:00,92.0,21.9,56.3,666.6,102.8,5.6,6.6
2024-08-26 17:05:00,92.0,21.9,56.4,662.6,98.4,5.2,6.2
2024-08-26 17:10:00,92.0,22.0,56.3,668.6,104.0,5.0,6.0
2024-08-26 17:15:00,92.0,22.0,56.4,665.6,104.8,5.0,6.0
2024-08-26 17:20:00,92.0,22.0,56.4,660.6,102.8,5.0,6.0
2024-08-26 17:25:00,92.0,21.9,56.5,657.8,99.4,5.8,6.8
2024-08-26 17:30:00,92.0,21.9,56.7,660.2,97.4,5.4,6.4
2024-08-26 17:35:00,92.0,21.9,56.6,666.6,96.4,5.4,6.4
2024-08-26 17:40:00,92.0,21.8,56.6,661.6,98.4,6.0,7.0
2024-08-26 17:45:00,92.0,21.8,56.8,652.2,116.8,6.6,7.6
2024-08-26 17:50:00,91.0,21.8,56.9,662.0,126.8,6.6,7.6
2024-08-26 17:55:00,91.0,21.8,56.8,672.8,115.2,5.8,6.8
2024-08-26 18:00:00,91.4,21.9,56.5,679.4,111.0,6.6,7.6
2024-08-26 18:05:00,91.0,21.8,56.8,687.2,107.0,5.6,6.6
2024-08-26 18:10:00,90.4,21.8,57.0,702.4,113.0,9.0,10.0
2024-08-26 18:15:00,90.8,21.9,57.0,721.4,111.6,6.0,7.0
2024-08-26 18:20:00,90.0,22.0,57.0,771.8,113.6,6.2,7.2
2024-08-26 18:25:00,90.0,22.0,57.0,775.2,107.4,5.6,6.6
2024-08-26 18:30:00,91.0,22.0,56.9,733.6,105.8,6.6,7.6
2024-08-26 18:35:00,91.0,22.0,57.0,718.0,110.6,6.4,7.4
2024-08-26 18:40:00,89.4,22.2,56.8,704.6,106.4,13.2,14.4
2024-08-26 18:45:00,90.0,22.2,56.8,721.0,112.0,9.0,10.0
2024-08-26 22:45:00,97.7,22.8,48.3,400.0,20.0,14.0,15.0
2024-08-26 22:50:00,98.0,22.6,48.1,400.0,20.0,13.0,14.0
2024-08-26 22:55:00,97.2,22.8,48.0,400.0,21.0,16.8,18.0
2024-08-26 23:00:00,95.0,23.1,48.1,400.0,429.5,13.0,14.0
2024-08-27 00:50:00,98.8,22.2,50.6,400.0,20.0,8.8,9.8
2024-08-27 00:55:00,97.6,22.1,51.3,400.0,20.0,10.2,11.2
2024-08-27 01:00:00,98.4,21.9,51.7,400.0,20.0,8.8,9.8
2024-08-27 01:05:00,98.2,21.8,52.0,400.0,20.0,8.8,9.8
2024-08-27 01:10:00,97.0,21.6,52.3,400.0,20.0,10.8,11.8
2024-08-27 01:15:00,95.6,21.6,52.3,400.4,20.0,17.0,18.2
2024-08-27 01:20:00,98.0,21.5,52.4,403.2,20.0,8.2,9.2
2024-08-27 01:25:00,94.4,21.6,52.2,409.8,20.0,18.2,19.4
2024-08-27 01:30:00,95.2,21.5,52.5,419.2,20.0,17.4,18.6
2024-08-27 01:35:00,97.6,21.3,52.7,413.8,20.0,8.4,9.4
2024-08-27 01:40:00,96.2,21.2,53.4,410.8,20.0,12.8,14.0
2024-08-27 01:45:00,97.0,21.2,53.7,403.6,20.0,8.6,9.6
2024-08-27 01:50:00,96.6,21.1,54.0,400.0,20.0,7.8,8.8
2024-08-27 01:55:00,95.8,21.0,54.5,404.6,20.0,9.2,10.2
2024-08-27 02:00:00,96.2,21.0,54.7,404.2,20.0,8.4,9.4
2024-08-27 02:05:00,94.8,20.9,54.9,400.0,20.0,13.4,14.6
2024-08-27 02:10:00,94.2,20.8,55.4,403.0,20.0,14.6,15.8
2024-08-27 02:15:00,95.2,20.8,55.6,404.0,20.0,8.8,9.8
2024-08-27 02:20:00,95.2,20.9,55.5,407.2,20.0,10.2,11.2
2024-08-27 02:25:00,95.4,20.9,55.7,417.2,20.0,8.8,9.8
2024-08-27 02:30:00,94.2,20.8,56.0,422.4,20.0,11.2,12.2
2024-08-27 02:35:00,95.4,20.8,56.0,419.8,20.0,8.0,9.0
2024-08-27 02:40:00,95.0,20.9,56.2,414.2,20.0,7.8,8.8
2024-08-27 02:45:00,94.0,20.7,57.1,406.4,20.0,9.4,10.4
2024-08-27 02:50:00,94.8,20.8,56.8,413.6,20.0,8.0,9.0
2024-08-27 02:55:00,93.8,20.6,57.7,419.2,20.0,9.0,10.0
2024-08-27 03:00:00,93.6,20.6,58.0,422.0,20.0,8.8,9.8
2024-08-27 03:05:00,85.4,21.0,57.2,430.8,27.8,42.8,44.2
2024-08-27 03:10:00,93.8,21.0,56.9,445.2,31.6,9.8,10.8
2024-08-27 03:15:00,94.2,21.1,57.0,451.6,30.6,8.6,9.6
2024-08-27 03:20:00,94.2,21.0,57.2,441.0,33.2,8.8,9.8
2024-08-27 03:25:00,91.6,21.0,57.5,423.6,72.8,17.8,19.2
2024-08-27 03:30:00,89.4,20.9,57.7,408.6,227.6,20.8,22.0
2024-08-27 03:35:00,90.0,20.8,58.4,409.2,195.2,15.6,16.6
2024-08-27 03:40:00,89.8,21.0,58.5,418.2,231.6,15.4,16.4
2024-08-27 03:45:00,90.6,21.1,58.0,436.2,202.2,14.6,15.6
2024-08-27 03:50:00,91.0,21.5,57.2,460.0,261.0,13.0,14.0
2024-08-27 08:15:00,84.8,22.5,59.6,853.8,341.0,2.8,3.8
2024-08-27 08:20:00,85.6,22.5,59.3,814.6,327.8,3.6,4.6
2024-08-27 08:25:00,86.0,22.5,59.3,786.6,324.2,3.2,4.2
2024-08-27 08:30:00,86.0,22.5,59.2,781.2,309.2,2.8,3.8
2024-08-27 08:35:00,86.8,22.5,59.2,763.0,298.8,2.8,3.8
2024-08-27 08:40:00,87.0,22.5,59.3,757.2,287.4,2.6,3.6
2024-08-27 08:45:00,87.0,22.5,59.3,740.2,277.2,3.2,4.2
2024-08-27 08:50:00,87.0,22.5,59.4,741.2,272.4,3.2,4.2
2024-08-27 08:55:00,87.0,22.5,59.5,733.6,259.2,2.8,3.8
2024-08-27 09:00:00,87.0,22.5,59.7,724.8,255.6,2.8,3.8
2024-08-27 09:05:00,87.0,22.6,60.0,720.8,256.4,3.0,4.0
2024-08-27 09:10:00,87.0,22.5,60.1,723.0,253.2,3.4,4.4
2024-08-27 09:15:00,87.0,22.5,60.2,722.2,254.0,3.0,4.0
2024-08-27 09:20:00,86.6,22.5,60.4,721.8,249.0,3.0,4.0
2024-08-27 09:25:00,86.8,22.5,60.5,718.2,244.8,3.0,4.0
2024-08-27 09:30:00,86.4,22.6,60.8,715.4,246.4,3.0,4.0
2024-08-27 09:35:00,86.0,22.6,60.8,712.4,253.4,3.2,4.2
2024-08-27 09:40:00,86.8,22.6,60.5,706.8,239.8,3.0,4.0
2024-08-27 09:45:00,87.0,22.7,60.3,694.4,235.8,2.8,3.8
2024-08-27 09:50:00,87.0,22.7,60.2,696.0,240.2,2.8,3.8
2024-08-27 09:55:00,87.0,22.7,60.3,695.6,240.8,2.2,3.2
2024-08-27 10:00:00,87.0,22.7,60.2,691.0,235.6,2.4,3.4
2024-08-27 10:05:00,87.4,22.7,60.2,681.8,231.6,2.8,3.8
2024-08-27 10:10:00,87.2,22.7,60.2,682.2,234.6,2.4,3.4
2024-08-27 10:15:00,87.6,22.7,60.2,680.8,226.2,2.2,3.2
2024-08-27 10:20:00,88.0,22.7,60.0,673.6,225.6,2.2,3.2
2024-08-27 10:25:00,88.0,22.7,60.1,668.5,224.2,2.0,3.0
2024-08-27 10:30:00,88.0,22.7,60.1,676.6,223.6,2.4,3.4
2024-08-27 10:35:00,87.8,22.7,60.1,681.4,225.8,2.6,3.6
2024-08-27 10:40:00,88.0,22.7,60.0,690.2,222.6,3.0,4.0
2024-08-27 10:45:00,87.4,22.7,60.1,694.0,219.0,3.0,4.0
2024-08-27 10:50:00,88.0,22.7,60.0,686.6,213.0,2.4,3.4
2024-08-27 10:55:00,88.0,22.7,60.0,682.8,216.2,2.8,3.8
2024-08-27 11:00:00,84.2,22.6,60.0,703.8,693.6,3.0,4.0
2024-08-27 11:05:00,84.0,22.6,60.0,709.2,659.4,3.2,4.2
2024-08-27 11:10:00,85.4,22.6,60.0,706.8,424.4,2.4,3.4
2024-08-27 11:15:00,85.2,22.6,60.2,736.2,363.4,2.6,3.6
2024-08-27 11:20:00,85.0,22.6,60.2,791.0,357.6,2.6,3.6
2024-08-27 11:25:00,85.0,22.6,60.3,791.0,330.4,2.4,3.4
2024-08-27 11:30:00,85.2,22.5,60.3,776.0,313.8,2.2,3.2
2024-08-27 11:35:00,85.2,22.6,60.4,769.8,307.0,2.2,3.2
2024-08-27 11:40:00,86.0,22.5,60.3,765.0,289.6,2.2,3.2
2024-08-27 11:45:00,85.4,22.5,60.1,745.4,430.8,2.4,3.4
2024-08-27 11:50:00,84.8,22.5,60.0,707.0,505.4,2.6,3.6
2024-08-27 11:55:00,86.0,22.5,60.1,699.8,368.4,2.0,3.0
2024-08-27 12:00:00,86.2,22.5,60.1,708.4,330.8,2.2,3.2
2024-08-27 12:05:00,85.2,22.5,60.2,780.0,333.0,2.4,3.4
2024-08-27 12:10:00,85.2,22.6,60.0,817.8,307.4,2.2,3.2
2024-08-27 12:15:00,86.0,22.5,60.1,763.4,293.2,2.2,3.2
2024-08-27 12:20:00,85.4,22.6,60.2,778.8,299.0,2.0,3.0
2024-08-27 12:25:00,84.6,22.6,60.2,856.2,300.0,2.2,3.2
2024-08-27 12:30:00,85.8,22.5,60.0,816.2,257.6,2.8,3.8
2024-08-27 12:35:00,87.4,22.4,59.9,709.2,229.0,2.0,3.0
2024-08-27 12:40:00,87.8,22.5,59.9,685.2,223.0,2.2,3.2
2024-08-27 12:45:00,86.0,22.6,60.0,807.8,254.8,2.2,3.2
2024-08-27 12:50:00,86.6,22.5,59.9,775.0,228.8,2.0,3.0
2024-08-27 12:55:00,87.0,22.5,59.9,754.4,220.2,2.0,3.0
2024-08-27 13:00:00,87.0,22.5,59.9,743.4,215.0,2.0,3.0
2024-08-27 13:05:00,85.2,22.5,60.0,735.8,435.8,2.0,3.0
2024-08-27 13:10:00,85.4,22.5,59.9,791.2,336.2,2.0,3.0
2024-08-27 13:15:00,85.8,22.5,59.9,792.8,296.4,2.2,3.2
2024-08-27 13:20:00,87.0,22.4,59.8,729.8,280.2,2.0,3.0
2024-08-27 13:25:00,86.6,22.4,59.9,715.2,298.4,2.2,3.2
2024-08-27 13:30:00,86.0,22.6,60.0,775.6,274.8,2.2,3.2
2024-08-27 13:35:00,86.4,22.5,59.7,775.0,245.4,2.0,3.0
2024-08-27 13:40:00,87.0,22.5,59.7,738.5,231.5,2.5,3.5
2024-08-27 13:45:00,87.0,22.6,59.6,757.8,231.2,2.0,3.0
2024-08-27 13:50:00,87.0,22.5,59.7,768.2,220.0,2.0,3.0
2024-08-27 13:55:00,86.8,22.5,59.8,785.0,212.8,2.0,3.0
2024-08-27 14:00:00,87.2,22.4,59.7,745.2,195.0,2.6,3.6
2024-08-27 14:05:00,87.2,22.4,59.8,735.8,196.0,2.0,3.0
2024-08-27 14:10:00,87.8,22.4,59.9,728.0,188.2,2.2,3.2
2024-08-27 14:15:00,88.0,22.4,59.8,724.0,181.5,2.2,3.2
2024-08-27 14:20:00,88.0,22.5,59.6,716.6,179.4,2.0,3.0
2024-08-27 14:25:00,88.0,22.5,59.5,717.4,177.6,2.2,3.2
2024-08-27 14:30:00,86.4,22.4,60.0,821.4,199.2,2.2,3.2
2024-08-27 14:35:00,86.8,22.4,59.9,801.6,186.6,2.2,3.2
2024-08-27 14:40:00,86.8,22.4,60.0,772.6,179.8,1.8,2.8
2024-08-27 14:45:00,87.0,22.4,60.1,765.8,177.6,2.2,3.2
2024-08-27 14:50:00,87.0,22.4,60.0,775.8,177.4,2.0,3.0
2024-08-27 14:55:00,86.8,22.4,60.0,788.6,175.6,2.0,3.0
2024-08-27 15:00:00,87.0,22.4,60.0,762.8,170.4,2.2,3.2
2024-08-27 15:05:00,87.4,22.4,60.1,742.8,168.8,2.0,3.0
2024-08-27 15:10:00,87.0,22.5,60.2,754.8,178.6,2.0,3.0
2024-08-27 15:15:00,87.2,22.5,60.2,743.0,175.2,2.0,3.0
2024-08-27 15:20:00,87.0,22.5,60.2,755.4,180.2,2.6,3.6
2024-08-27 15:25:00,87.0,22.5,60.1,768.6,176.8,2.0,3.0
2024-08-27 15:30:00,86.4,22.5,60.1,739.2,235.2,2.0,3.0
2024-08-27 15:35:00,86.8,22.5,60.1,724.2,258.0,2.0,3.0
2024-08-27 15:40:00,87.0,22.5,60.2,722.0,205.8,2.2,3.2
2024-08-27 15:45:00,87.0,22.5,60.2,721.2,192.8,2.0,3.0
2024-08-27 15:50:00,86.6,22.5,60.4,749.4,201.8,2.0,3.0
2024-08-27 15:55:00,86.6,22.5,60.3,779.2,193.6,2.0,3.0
2024-08-27 16:00:00,87.2,22.5,60.1,732.0,181.2,2.0,3.0
2024-08-27 16:05:00,86.8,22.5,60.4,751.2,184.6,2.0,3.0
2024-08-27 16:10:00,82.8,22.6,60.8,899.6,388.6,2.4,3.4
2024-08-27 16:15:00,83.4,22.6,60.5,845.0,473.2,2.6,3.6
2024-08-27 16:20:00,82.0,22.6,60.8,849.4,602.8,2.2,3.2
2024-08-27 16:25:00,82.2,22.8,60.6,919.6,416.4,2.0,3.0
2024-08-27 16:30:00,83.4,22.7,60.6,894.6,347.6,3.6,4.6
2024-08-27 16:35:00,85.3,22.6,60.2,789.7,327.7,2.3,3.3
2024-08-27 16:40:00,86.0,22.7,59.9,715.0,345.0,2.2,3.2
2024-08-27 16:45:00,85.8,22.7,59.9,728.0,327.8,2.8,3.8
2024-08-27 16:50:00,83.4,22.7,60.1,811.0,314.6,12.0,13.2
2024-08-27 16:55:00,85.8,22.7,60.0,783.8,311.5,4.0,5.0
2024-08-27 17:00:00,86.0,22.6,60.0,777.2,286.2,2.2,3.2
2024-08-27 17:05:00,86.0,22.8,59.7,765.4,265.8,6.2,7.2
2024-08-27 17:10:00,87.0,22.8,59.2,751.3,252.3,5.0,6.0